"Code","Account Name","13 Current Asset (COA)","Group","Type","Allow Reconciliation","Account Currency","Companies","ID","Active","Companies/ID","Code Mapping/Code","Code Mapping/Company/ID"
"502004","Price Difference ","","","Cost of Revenue","","","အိမ်သုတ်ဆေး(22.1.24)","52386","True","92","","1"
"","","","","","","","","","","","","2"
"","","","","","","","","","","","","10"
"","","","","","","","","","","","","11"
"","","","","","","","","","","","","3"
"","","","","","","","","","","","","14"
"","","","","","","","","","","","","9"
"","","","","","","","","","","","","45"
"","","","","","","","","","","","","35"
"","","","","","","","","","","","","47"
"","","","","","","","","","","","","108"
"","","","","","","","","","","","","70"
"","","","","","","","","","","","","99"
"","","","","","","","","","","","","103"
"","","","","","","","","","","","","100"
"","","","","","","","","","","","","107"
"","","","","","","","","","","","","112"
"","","","","","","","","","","","","113"
"","","","","","","","","","","","","119"
"","","","","","","","","","","","","102"
"","","","","","","","","","","","","122"
"","","","","","","","","","","","","120"
"","","","","","","","","","","","","101"
"","","","","","","","","","","","","105"
"","","","","","","","","","","","","96"
"","","","","","","","","","","","","118"
"","","","","","","","","","","","","97"
"","","","","","","","","","","","","115"
"","","","","","","","","","","","","110"
"","","","","","","","","","","","","116"
"","","","","","","","","","","","","106"
"","","","","","","","","","","","","121"
"","","","","","","","","","","","","114"
"","","","","","","","","","","","","111"
"","","","","","","","","","","","","117"
"","","","","","","","","","","","","98"
"","","","","","","","","","","","","104"
"","","","","","","","","","","","","109"
"","","","","","","","","","","","","7"
"","","","","","","","","","","","","6"
"","","","","","","","","","","","","31"
"","","","","","","","","","","","","26"
"","","","","","","","","","","","","46"
"","","","","","","","","","","","","84"
"","","","","","","","","","","","","50"
"","","","","","","","","","","","","86"
"","","","","","","","","","","","","65"
"","","","","","","","","","","","","80"
"","","","","","","","","","","","","49"
"","","","","","","","","","","","","66"
"","","","","","","","","","","","","64"
"","","","","","","","","","","","","56"
"","","","","","","","","","","","","57"
"","","","","","","","","","","","","67"
"","","","","","","","","","","","","59"
"","","","","","","","","","","","","68"
"","","","","","","","","","","","","55"
"","","","","","","","","","","","","58"
"","","","","","","","","","","","","69"
"","","","","","","","","","","","","60"
"","","","","","","","","","","","","62"
"","","","","","","","","","","","","61"
"","","","","","","","","","","","","81"
"","","","","","","","","","","","","83"
"","","","","","","","","","","","","93"
"","","","","","","","","","","","","63"
"","","","","","","","","","","","","82"
"","","","","","","","","","","","","94"
"","","","","","","","","","","","","91"
"","","","","","","","","","","","","48"
"","","","","","","","","","","","","77"
"","","","","","","","","","","","","4"
"","","","","","","","","","","","","18"
"","","","","","","","","","","","","17"
"","","","","","","","","","","","","15"
"","","","","","","","","","","","","16"
"","","","","","","","","","","","","5"
"","","","","","","","","","","","","76"
"","","","","","","","","","","","","71"
"","","","","","","","","","","","","75"
"","","","","","","","","","","","","74"
"","","","","","","","","","","","","90"
"","","","","","","","","","","","","88"
"","","","","","","","","","","","","87"
"","","","","","","","","","","","","51"
"","","","","","","","","","","","","78"
"","","","","","","","","","","","","89"
"","","","","","","","","","","","","52"
"","","","","","","","","","","","","79"
"","","","","","","","","","","","","44"
"","","","","","","","","","","","","73"
"","","","","","","","","","","","","72"
"","","","","","","","","","","","","8"
"","","","","","","","","","","","","36"
"","","","","","","","","","","","","13"
"","","","","","","","","","","","","43"
"","","","","","","","","","","","","28"
"","","","","","","","","","","","","34"
"","","","","","","","","","","","","85"
"","","","","","","","","","","","","37"
"","","","","","","","","","","","","42"
"","","","","","","","","","","","","41"
"","","","","","","","","","","","","29"
"","","","","","","","","","","","","33"
"","","","","","","","","","","","","38"
"","","","","","","","","","","","","95"
"","","","","","","","","","","","","12"
"","","","","","","","","","","","","32"
"","","","","","","","","","","","","54"
"","","","","","","","","","","","","27"
"","","","","","","","","","","","","40"
"","","","","","","","","","","","","39"
"","","","","","","","","","","","502004","92"
"","Price Difference ","","","Expenses","","","1B-1C Old (18.8.2020)","1155","True","3","","1"
"","","","","","","","","","","","","2"
"","","","","","","","","","","","","10"
"","","","","","","","","","","","","11"
"","","","","","","","","","","","501205","3"
"","","","","","","","","","","","","14"
"","","","","","","","","","","","","9"
"","","","","","","","","","","","","45"
"","","","","","","","","","","","","35"
"","","","","","","","","","","","","47"
"","","","","","","","","","","","","108"
"","","","","","","","","","","","","70"
"","","","","","","","","","","","","99"
"","","","","","","","","","","","","103"
"","","","","","","","","","","","","100"
"","","","","","","","","","","","","107"
"","","","","","","","","","","","","112"
"","","","","","","","","","","","","113"
"","","","","","","","","","","","","119"
"","","","","","","","","","","","","102"
"","","","","","","","","","","","","122"
"","","","","","","","","","","","","120"
"","","","","","","","","","","","","101"
"","","","","","","","","","","","","105"
"","","","","","","","","","","","","96"
"","","","","","","","","","","","","118"
"","","","","","","","","","","","","97"
"","","","","","","","","","","","","115"
"","","","","","","","","","","","","110"
"","","","","","","","","","","","","116"
"","","","","","","","","","","","","106"
"","","","","","","","","","","","","121"
"","","","","","","","","","","","","114"
"","","","","","","","","","","","","111"
"","","","","","","","","","","","","117"
"","","","","","","","","","","","","98"
"","","","","","","","","","","","","104"
"","","","","","","","","","","","","109"
"","","","","","","","","","","","","7"
"","","","","","","","","","","","","6"
"","","","","","","","","","","","","31"
"","","","","","","","","","","","","26"
"","","","","","","","","","","","","46"
"","","","","","","","","","","","","84"
"","","","","","","","","","","","","50"
"","","","","","","","","","","","","86"
"","","","","","","","","","","","","65"
"","","","","","","","","","","","","80"
"","","","","","","","","","","","","49"
"","","","","","","","","","","","","66"
"","","","","","","","","","","","","64"
"","","","","","","","","","","","","56"
"","","","","","","","","","","","","57"
"","","","","","","","","","","","","67"
"","","","","","","","","","","","","59"
"","","","","","","","","","","","","68"
"","","","","","","","","","","","","55"
"","","","","","","","","","","","","58"
"","","","","","","","","","","","","69"
"","","","","","","","","","","","","60"
"","","","","","","","","","","","","62"
"","","","","","","","","","","","","61"
"","","","","","","","","","","","","81"
"","","","","","","","","","","","","83"
"","","","","","","","","","","","","93"
"","","","","","","","","","","","","63"
"","","","","","","","","","","","","82"
"","","","","","","","","","","","","94"
"","","","","","","","","","","","","91"
"","","","","","","","","","","","","48"
"","","","","","","","","","","","","77"
"","","","","","","","","","","","","4"
"","","","","","","","","","","","","18"
"","","","","","","","","","","","","17"
"","","","","","","","","","","","","15"
"","","","","","","","","","","","","16"
"","","","","","","","","","","","","5"
"","","","","","","","","","","","","76"
"","","","","","","","","","","","","71"
"","","","","","","","","","","","","75"
"","","","","","","","","","","","","74"
"","","","","","","","","","","","","90"
"","","","","","","","","","","","","88"
"","","","","","","","","","","","","87"
"","","","","","","","","","","","","51"
"","","","","","","","","","","","","78"
"","","","","","","","","","","","","89"
"","","","","","","","","","","","","52"
"","","","","","","","","","","","","79"
"","","","","","","","","","","","","44"
"","","","","","","","","","","","","73"
"","","","","","","","","","","","","72"
"","","","","","","","","","","","","8"
"","","","","","","","","","","","","36"
"","","","","","","","","","","","","13"
"","","","","","","","","","","","","43"
"","","","","","","","","","","","","28"
"","","","","","","","","","","","","34"
"","","","","","","","","","","","","85"
"","","","","","","","","","","","","37"
"","","","","","","","","","","","","42"
"","","","","","","","","","","","","41"
"","","","","","","","","","","","","29"
"","","","","","","","","","","","","33"
"","","","","","","","","","","","","38"
"","","","","","","","","","","","","95"
"","","","","","","","","","","","","12"
"","","","","","","","","","","","","32"
"","","","","","","","","","","","","54"
"","","","","","","","","","","","","27"
"","","","","","","","","","","","","40"
"","","","","","","","","","","","","39"
"","","","","","","","","","","","","92"
"","Price Difference ","","","Expenses","","","106-107 (1.5.21)","2694","True","10","","1"
"","","","","","","","","","","","","2"
"","","","","","","","","","","","502004","10"
"","","","","","","","","","","","","11"
"","","","","","","","","","","","","3"
"","","","","","","","","","","","","14"
"","","","","","","","","","","","","9"
"","","","","","","","","","","","","45"
"","","","","","","","","","","","","35"
"","","","","","","","","","","","","47"
"","","","","","","","","","","","","108"
"","","","","","","","","","","","","70"
"","","","","","","","","","","","","99"
"","","","","","","","","","","","","103"
"","","","","","","","","","","","","100"
"","","","","","","","","","","","","107"
"","","","","","","","","","","","","112"
"","","","","","","","","","","","","113"
"","","","","","","","","","","","","119"
"","","","","","","","","","","","","102"
"","","","","","","","","","","","","122"
"","","","","","","","","","","","","120"
"","","","","","","","","","","","","101"
"","","","","","","","","","","","","105"
"","","","","","","","","","","","","96"
"","","","","","","","","","","","","118"
"","","","","","","","","","","","","97"
"","","","","","","","","","","","","115"
"","","","","","","","","","","","","110"
"","","","","","","","","","","","","116"
"","","","","","","","","","","","","106"
"","","","","","","","","","","","","121"
"","","","","","","","","","","","","114"
"","","","","","","","","","","","","111"
"","","","","","","","","","","","","117"
"","","","","","","","","","","","","98"
"","","","","","","","","","","","","104"
"","","","","","","","","","","","","109"
"","","","","","","","","","","","","7"
"","","","","","","","","","","","","6"
"","","","","","","","","","","","","31"
"","","","","","","","","","","","","26"
"","","","","","","","","","","","","46"
"","","","","","","","","","","","","84"
"","","","","","","","","","","","","50"
"","","","","","","","","","","","","86"
"","","","","","","","","","","","","65"
"","","","","","","","","","","","","80"
"","","","","","","","","","","","","49"
"","","","","","","","","","","","","66"
"","","","","","","","","","","","","64"
"","","","","","","","","","","","","56"
"","","","","","","","","","","","","57"
"","","","","","","","","","","","","67"
"","","","","","","","","","","","","59"
"","","","","","","","","","","","","68"
"","","","","","","","","","","","","55"
"","","","","","","","","","","","","58"
"","","","","","","","","","","","","69"
"","","","","","","","","","","","","60"
"","","","","","","","","","","","","62"
"","","","","","","","","","","","","61"
"","","","","","","","","","","","","81"
"","","","","","","","","","","","","83"
"","","","","","","","","","","","","93"
"","","","","","","","","","","","","63"
"","","","","","","","","","","","","82"
"","","","","","","","","","","","","94"
"","","","","","","","","","","","","91"
"","","","","","","","","","","","","48"
"","","","","","","","","","","","","77"
"","","","","","","","","","","","","4"
"","","","","","","","","","","","","18"
"","","","","","","","","","","","","17"
"","","","","","","","","","","","","15"
"","","","","","","","","","","","","16"
"","","","","","","","","","","","","5"
"","","","","","","","","","","","","76"
"","","","","","","","","","","","","71"
"","","","","","","","","","","","","75"
"","","","","","","","","","","","","74"
"","","","","","","","","","","","","90"
"","","","","","","","","","","","","88"
"","","","","","","","","","","","","87"
"","","","","","","","","","","","","51"
"","","","","","","","","","","","","78"
"","","","","","","","","","","","","89"
"","","","","","","","","","","","","52"
"","","","","","","","","","","","","79"
"","","","","","","","","","","","","44"
"","","","","","","","","","","","","73"
"","","","","","","","","","","","","72"
"","","","","","","","","","","","","8"
"","","","","","","","","","","","","36"
"","","","","","","","","","","","","13"
"","","","","","","","","","","","","43"
"","","","","","","","","","","","","28"
"","","","","","","","","","","","","34"
"","","","","","","","","","","","","85"
"","","","","","","","","","","","","37"
"","","","","","","","","","","","","42"
"","","","","","","","","","","","","41"
"","","","","","","","","","","","","29"
"","","","","","","","","","","","","33"
"","","","","","","","","","","","","38"
"","","","","","","","","","","","","95"
"","","","","","","","","","","","","12"
"","","","","","","","","","","","","32"
"","","","","","","","","","","","","54"
"","","","","","","","","","","","","27"
"","","","","","","","","","","","","40"
"","","","","","","","","","","","","39"
"","","","","","","","","","","","","92"
"","Price Difference ","","","Expenses","","","1B-1C (1.5.21)","2476","True","11","","1"
"","","","","","","","","","","","","2"
"","","","","","","","","","","","","10"
"","","","","","","","","","","","502004","11"
"","","","","","","","","","","","","3"
"","","","","","","","","","","","","14"
"","","","","","","","","","","","","9"
"","","","","","","","","","","","","45"
"","","","","","","","","","","","","35"
"","","","","","","","","","","","","47"
"","","","","","","","","","","","","108"
"","","","","","","","","","","","","70"
"","","","","","","","","","","","","99"
"","","","","","","","","","","","","103"
"","","","","","","","","","","","","100"
"","","","","","","","","","","","","107"
"","","","","","","","","","","","","112"
"","","","","","","","","","","","","113"
"","","","","","","","","","","","","119"
"","","","","","","","","","","","","102"
"","","","","","","","","","","","","122"
"","","","","","","","","","","","","120"
"","","","","","","","","","","","","101"
"","","","","","","","","","","","","105"
"","","","","","","","","","","","","96"
"","","","","","","","","","","","","118"
"","","","","","","","","","","","","97"
"","","","","","","","","","","","","115"
"","","","","","","","","","","","","110"
"","","","","","","","","","","","","116"
"","","","","","","","","","","","","106"
"","","","","","","","","","","","","121"
"","","","","","","","","","","","","114"
"","","","","","","","","","","","","111"
"","","","","","","","","","","","","117"
"","","","","","","","","","","","","98"
"","","","","","","","","","","","","104"
"","","","","","","","","","","","","109"
"","","","","","","","","","","","","7"
"","","","","","","","","","","","","6"
"","","","","","","","","","","","","31"
"","","","","","","","","","","","","26"
"","","","","","","","","","","","","46"
"","","","","","","","","","","","","84"
"","","","","","","","","","","","","50"
"","","","","","","","","","","","","86"
"","","","","","","","","","","","","65"
"","","","","","","","","","","","","80"
"","","","","","","","","","","","","49"
"","","","","","","","","","","","","66"
"","","","","","","","","","","","","64"
"","","","","","","","","","","","","56"
"","","","","","","","","","","","","57"
"","","","","","","","","","","","","67"
"","","","","","","","","","","","","59"
"","","","","","","","","","","","","68"
"","","","","","","","","","","","","55"
"","","","","","","","","","","","","58"
"","","","","","","","","","","","","69"
"","","","","","","","","","","","","60"
"","","","","","","","","","","","","62"
"","","","","","","","","","","","","61"
"","","","","","","","","","","","","81"
"","","","","","","","","","","","","83"
"","","","","","","","","","","","","93"
"","","","","","","","","","","","","63"
"","","","","","","","","","","","","82"
"","","","","","","","","","","","","94"
"","","","","","","","","","","","","91"
"","","","","","","","","","","","","48"
"","","","","","","","","","","","","77"
"","","","","","","","","","","","","4"
"","","","","","","","","","","","","18"
"","","","","","","","","","","","","17"
"","","","","","","","","","","","","15"
"","","","","","","","","","","","","16"
"","","","","","","","","","","","","5"
"","","","","","","","","","","","","76"
"","","","","","","","","","","","","71"
"","","","","","","","","","","","","75"
"","","","","","","","","","","","","74"
"","","","","","","","","","","","","90"
"","","","","","","","","","","","","88"
"","","","","","","","","","","","","87"
"","","","","","","","","","","","","51"
"","","","","","","","","","","","","78"
"","","","","","","","","","","","","89"
"","","","","","","","","","","","","52"
"","","","","","","","","","","","","79"
"","","","","","","","","","","","","44"
"","","","","","","","","","","","","73"
"","","","","","","","","","","","","72"
"","","","","","","","","","","","","8"
"","","","","","","","","","","","","36"
"","","","","","","","","","","","","13"
"","","","","","","","","","","","","43"
"","","","","","","","","","","","","28"
"","","","","","","","","","","","","34"
"","","","","","","","","","","","","85"
"","","","","","","","","","","","","37"
"","","","","","","","","","","","","42"
"","","","","","","","","","","","","41"
"","","","","","","","","","","","","29"
"","","","","","","","","","","","","33"
"","","","","","","","","","","","","38"
"","","","","","","","","","","","","95"
"","","","","","","","","","","","","12"
"","","","","","","","","","","","","32"
"","","","","","","","","","","","","54"
"","","","","","","","","","","","","27"
"","","","","","","","","","","","","40"
"","","","","","","","","","","","","39"
"","","","","","","","","","","","","92"
"","Price Difference ","","","Expenses","","","2965 Industry (1.6.21)","3043","True","14","","1"
"","","","","","","","","","","","","2"
"","","","","","","","","","","","","10"
"","","","","","","","","","","","","11"
"","","","","","","","","","","","","3"
"","","","","","","","","","","","502004","14"
"","","","","","","","","","","","","9"
"","","","","","","","","","","","","45"
"","","","","","","","","","","","","35"
"","","","","","","","","","","","","47"
"","","","","","","","","","","","","108"
"","","","","","","","","","","","","70"
"","","","","","","","","","","","","99"
"","","","","","","","","","","","","103"
"","","","","","","","","","","","","100"
"","","","","","","","","","","","","107"
"","","","","","","","","","","","","112"
"","","","","","","","","","","","","113"
"","","","","","","","","","","","","119"
"","","","","","","","","","","","","102"
"","","","","","","","","","","","","122"
"","","","","","","","","","","","","120"
"","","","","","","","","","","","","101"
"","","","","","","","","","","","","105"
"","","","","","","","","","","","","96"
"","","","","","","","","","","","","118"
"","","","","","","","","","","","","97"
"","","","","","","","","","","","","115"
"","","","","","","","","","","","","110"
"","","","","","","","","","","","","116"
"","","","","","","","","","","","","106"
"","","","","","","","","","","","","121"
"","","","","","","","","","","","","114"
"","","","","","","","","","","","","111"
"","","","","","","","","","","","","117"
"","","","","","","","","","","","","98"
"","","","","","","","","","","","","104"
"","","","","","","","","","","","","109"
"","","","","","","","","","","","","7"
"","","","","","","","","","","","","6"
"","","","","","","","","","","","","31"
"","","","","","","","","","","","","26"
"","","","","","","","","","","","","46"
"","","","","","","","","","","","","84"
"","","","","","","","","","","","","50"
"","","","","","","","","","","","","86"
"","","","","","","","","","","","","65"
"","","","","","","","","","","","","80"
"","","","","","","","","","","","","49"
"","","","","","","","","","","","","66"
"","","","","","","","","","","","","64"
"","","","","","","","","","","","","56"
"","","","","","","","","","","","","57"
"","","","","","","","","","","","","67"
"","","","","","","","","","","","","59"
"","","","","","","","","","","","","68"
"","","","","","","","","","","","","55"
"","","","","","","","","","","","","58"
"","","","","","","","","","","","","69"
"","","","","","","","","","","","","60"
"","","","","","","","","","","","","62"
"","","","","","","","","","","","","61"
"","","","","","","","","","","","","81"
"","","","","","","","","","","","","83"
"","","","","","","","","","","","","93"
"","","","","","","","","","","","","63"
"","","","","","","","","","","","","82"
"","","","","","","","","","","","","94"
"","","","","","","","","","","","","91"
"","","","","","","","","","","","","48"
"","","","","","","","","","","","","77"
"","","","","","","","","","","","","4"
"","","","","","","","","","","","","18"
"","","","","","","","","","","","","17"
"","","","","","","","","","","","","15"
"","","","","","","","","","","","","16"
"","","","","","","","","","","","","5"
"","","","","","","","","","","","","76"
"","","","","","","","","","","","","71"
"","","","","","","","","","","","","75"
"","","","","","","","","","","","","74"
"","","","","","","","","","","","","90"
"","","","","","","","","","","","","88"
"","","","","","","","","","","","","87"
"","","","","","","","","","","","","51"
"","","","","","","","","","","","","78"
"","","","","","","","","","","","","89"
"","","","","","","","","","","","","52"
"","","","","","","","","","","","","79"
"","","","","","","","","","","","","44"
"","","","","","","","","","","","","73"
"","","","","","","","","","","","","72"
"","","","","","","","","","","","","8"
"","","","","","","","","","","","","36"
"","","","","","","","","","","","","13"
"","","","","","","","","","","","","43"
"","","","","","","","","","","","","28"
"","","","","","","","","","","","","34"
"","","","","","","","","","","","","85"
"","","","","","","","","","","","","37"
"","","","","","","","","","","","","42"
"","","","","","","","","","","","","41"
"","","","","","","","","","","","","29"
"","","","","","","","","","","","","33"
"","","","","","","","","","","","","38"
"","","","","","","","","","","","","95"
"","","","","","","","","","","","","12"
"","","","","","","","","","","","","32"
"","","","","","","","","","","","","54"
"","","","","","","","","","","","","27"
"","","","","","","","","","","","","40"
"","","","","","","","","","","","","39"
"","","","","","","","","","","","","92"
"","Price Difference ","","","Cost of Revenue","","","29th Sogo Showroom (1.10.21)","2240","True","9","","1"
"","","","","","","","","","","","","2"
"","","","","","","","","","","","","10"
"","","","","","","","","","","","","11"
"","","","","","","","","","","","","3"
"","","","","","","","","","","","","14"
"","","","","","","","","","","","502004","9"
"","","","","","","","","","","","","45"
"","","","","","","","","","","","","35"
"","","","","","","","","","","","","47"
"","","","","","","","","","","","","108"
"","","","","","","","","","","","","70"
"","","","","","","","","","","","","99"
"","","","","","","","","","","","","103"
"","","","","","","","","","","","","100"
"","","","","","","","","","","","","107"
"","","","","","","","","","","","","112"
"","","","","","","","","","","","","113"
"","","","","","","","","","","","","119"
"","","","","","","","","","","","","102"
"","","","","","","","","","","","","122"
"","","","","","","","","","","","","120"
"","","","","","","","","","","","","101"
"","","","","","","","","","","","","105"
"","","","","","","","","","","","","96"
"","","","","","","","","","","","","118"
"","","","","","","","","","","","","97"
"","","","","","","","","","","","","115"
"","","","","","","","","","","","","110"
"","","","","","","","","","","","","116"
"","","","","","","","","","","","","106"
"","","","","","","","","","","","","121"
"","","","","","","","","","","","","114"
"","","","","","","","","","","","","111"
"","","","","","","","","","","","","117"
"","","","","","","","","","","","","98"
"","","","","","","","","","","","","104"
"","","","","","","","","","","","","109"
"","","","","","","","","","","","","7"
"","","","","","","","","","","","","6"
"","","","","","","","","","","","","31"
"","","","","","","","","","","","","26"
"","","","","","","","","","","","","46"
"","","","","","","","","","","","","84"
"","","","","","","","","","","","","50"
"","","","","","","","","","","","","86"
"","","","","","","","","","","","","65"
"","","","","","","","","","","","","80"
"","","","","","","","","","","","","49"
"","","","","","","","","","","","","66"
"","","","","","","","","","","","","64"
"","","","","","","","","","","","","56"
"","","","","","","","","","","","","57"
"","","","","","","","","","","","","67"
"","","","","","","","","","","","","59"
"","","","","","","","","","","","","68"
"","","","","","","","","","","","","55"
"","","","","","","","","","","","","58"
"","","","","","","","","","","","","69"
"","","","","","","","","","","","","60"
"","","","","","","","","","","","","62"
"","","","","","","","","","","","","61"
"","","","","","","","","","","","","81"
"","","","","","","","","","","","","83"
"","","","","","","","","","","","","93"
"","","","","","","","","","","","","63"
"","","","","","","","","","","","","82"
"","","","","","","","","","","","","94"
"","","","","","","","","","","","","91"
"","","","","","","","","","","","","48"
"","","","","","","","","","","","","77"
"","","","","","","","","","","","","4"
"","","","","","","","","","","","","18"
"","","","","","","","","","","","","17"
"","","","","","","","","","","","","15"
"","","","","","","","","","","","","16"
"","","","","","","","","","","","","5"
"","","","","","","","","","","","","76"
"","","","","","","","","","","","","71"
"","","","","","","","","","","","","75"
"","","","","","","","","","","","","74"
"","","","","","","","","","","","","90"
"","","","","","","","","","","","","88"
"","","","","","","","","","","","","87"
"","","","","","","","","","","","","51"
"","","","","","","","","","","","","78"
"","","","","","","","","","","","","89"
"","","","","","","","","","","","","52"
"","","","","","","","","","","","","79"
"","","","","","","","","","","","","44"
"","","","","","","","","","","","","73"
"","","","","","","","","","","","","72"
"","","","","","","","","","","","","8"
"","","","","","","","","","","","","36"
"","","","","","","","","","","","","13"
"","","","","","","","","","","","","43"
"","","","","","","","","","","","","28"
"","","","","","","","","","","","","34"
"","","","","","","","","","","","","85"
"","","","","","","","","","","","","37"
"","","","","","","","","","","","","42"
"","","","","","","","","","","","","41"
"","","","","","","","","","","","","29"
"","","","","","","","","","","","","33"
"","","","","","","","","","","","","38"
"","","","","","","","","","","","","95"
"","","","","","","","","","","","","12"
"","","","","","","","","","","","","32"
"","","","","","","","","","","","","54"
"","","","","","","","","","","","","27"
"","","","","","","","","","","","","40"
"","","","","","","","","","","","","39"
"","","","","","","","","","","","","92"
"","Price Difference ","","","Expenses","","","70-71 Industry (1.3.22)","8219","True","45","","1"
"","","","","","","","","","","","","2"
"","","","","","","","","","","","","10"
"","","","","","","","","","","","","11"
"","","","","","","","","","","","","3"
"","","","","","","","","","","","","14"
"","","","","","","","","","","","","9"
"","","","","","","","","","","","502004","45"
"","","","","","","","","","","","","35"
"","","","","","","","","","","","","47"
"","","","","","","","","","","","","108"
"","","","","","","","","","","","","70"
"","","","","","","","","","","","","99"
"","","","","","","","","","","","","103"
"","","","","","","","","","","","","100"
"","","","","","","","","","","","","107"
"","","","","","","","","","","","","112"
"","","","","","","","","","","","","113"
"","","","","","","","","","","","","119"
"","","","","","","","","","","","","102"
"","","","","","","","","","","","","122"
"","","","","","","","","","","","","120"
"","","","","","","","","","","","","101"
"","","","","","","","","","","","","105"
"","","","","","","","","","","","","96"
"","","","","","","","","","","","","118"
"","","","","","","","","","","","","97"
"","","","","","","","","","","","","115"
"","","","","","","","","","","","","110"
"","","","","","","","","","","","","116"
"","","","","","","","","","","","","106"
"","","","","","","","","","","","","121"
"","","","","","","","","","","","","114"
"","","","","","","","","","","","","111"
"","","","","","","","","","","","","117"
"","","","","","","","","","","","","98"
"","","","","","","","","","","","","104"
"","","","","","","","","","","","","109"
"","","","","","","","","","","","","7"
"","","","","","","","","","","","","6"
"","","","","","","","","","","","","31"
"","","","","","","","","","","","","26"
"","","","","","","","","","","","","46"
"","","","","","","","","","","","","84"
"","","","","","","","","","","","","50"
"","","","","","","","","","","","","86"
"","","","","","","","","","","","","65"
"","","","","","","","","","","","","80"
"","","","","","","","","","","","","49"
"","","","","","","","","","","","","66"
"","","","","","","","","","","","","64"
"","","","","","","","","","","","","56"
"","","","","","","","","","","","","57"
"","","","","","","","","","","","","67"
"","","","","","","","","","","","","59"
"","","","","","","","","","","","","68"
"","","","","","","","","","","","","55"
"","","","","","","","","","","","","58"
"","","","","","","","","","","","","69"
"","","","","","","","","","","","","60"
"","","","","","","","","","","","","62"
"","","","","","","","","","","","","61"
"","","","","","","","","","","","","81"
"","","","","","","","","","","","","83"
"","","","","","","","","","","","","93"
"","","","","","","","","","","","","63"
"","","","","","","","","","","","","82"
"","","","","","","","","","","","","94"
"","","","","","","","","","","","","91"
"","","","","","","","","","","","","48"
"","","","","","","","","","","","","77"
"","","","","","","","","","","","","4"
"","","","","","","","","","","","","18"
"","","","","","","","","","","","","17"
"","","","","","","","","","","","","15"
"","","","","","","","","","","","","16"
"","","","","","","","","","","","","5"
"","","","","","","","","","","","","76"
"","","","","","","","","","","","","71"
"","","","","","","","","","","","","75"
"","","","","","","","","","","","","74"
"","","","","","","","","","","","","90"
"","","","","","","","","","","","","88"
"","","","","","","","","","","","","87"
"","","","","","","","","","","","","51"
"","","","","","","","","","","","","78"
"","","","","","","","","","","","","89"
"","","","","","","","","","","","","52"
"","","","","","","","","","","","","79"
"","","","","","","","","","","","","44"
"","","","","","","","","","","","","73"
"","","","","","","","","","","","","72"
"","","","","","","","","","","","","8"
"","","","","","","","","","","","","36"
"","","","","","","","","","","","","13"
"","","","","","","","","","","","","43"
"","","","","","","","","","","","","28"
"","","","","","","","","","","","","34"
"","","","","","","","","","","","","85"
"","","","","","","","","","","","","37"
"","","","","","","","","","","","","42"
"","","","","","","","","","","","","41"
"","","","","","","","","","","","","29"
"","","","","","","","","","","","","33"
"","","","","","","","","","","","","38"
"","","","","","","","","","","","","95"
"","","","","","","","","","","","","12"
"","","","","","","","","","","","","32"
"","","","","","","","","","","","","54"
"","","","","","","","","","","","","27"
"","","","","","","","","","","","","40"
"","","","","","","","","","","","","39"
"","","","","","","","","","","","","92"
"","Price Difference ","","","Expenses","","","A1 ကျီစု ဖော့စက်ရုံ (1.10.21)","6592","True","35","","1"
"","","","","","","","","","","","","2"
"","","","","","","","","","","","","10"
"","","","","","","","","","","","","11"
"","","","","","","","","","","","","3"
"","","","","","","","","","","","","14"
"","","","","","","","","","","","","9"
"","","","","","","","","","","","","45"
"","","","","","","","","","","","502004","35"
"","","","","","","","","","","","","47"
"","","","","","","","","","","","","108"
"","","","","","","","","","","","","70"
"","","","","","","","","","","","","99"
"","","","","","","","","","","","","103"
"","","","","","","","","","","","","100"
"","","","","","","","","","","","","107"
"","","","","","","","","","","","","112"
"","","","","","","","","","","","","113"
"","","","","","","","","","","","","119"
"","","","","","","","","","","","","102"
"","","","","","","","","","","","","122"
"","","","","","","","","","","","","120"
"","","","","","","","","","","","","101"
"","","","","","","","","","","","","105"
"","","","","","","","","","","","","96"
"","","","","","","","","","","","","118"
"","","","","","","","","","","","","97"
"","","","","","","","","","","","","115"
"","","","","","","","","","","","","110"
"","","","","","","","","","","","","116"
"","","","","","","","","","","","","106"
"","","","","","","","","","","","","121"
"","","","","","","","","","","","","114"
"","","","","","","","","","","","","111"
"","","","","","","","","","","","","117"
"","","","","","","","","","","","","98"
"","","","","","","","","","","","","104"
"","","","","","","","","","","","","109"
"","","","","","","","","","","","","7"
"","","","","","","","","","","","","6"
"","","","","","","","","","","","","31"
"","","","","","","","","","","","","26"
"","","","","","","","","","","","","46"
"","","","","","","","","","","","","84"
"","","","","","","","","","","","","50"
"","","","","","","","","","","","","86"
"","","","","","","","","","","","","65"
"","","","","","","","","","","","","80"
"","","","","","","","","","","","","49"
"","","","","","","","","","","","","66"
"","","","","","","","","","","","","64"
"","","","","","","","","","","","","56"
"","","","","","","","","","","","","57"
"","","","","","","","","","","","","67"
"","","","","","","","","","","","","59"
"","","","","","","","","","","","","68"
"","","","","","","","","","","","","55"
"","","","","","","","","","","","","58"
"","","","","","","","","","","","","69"
"","","","","","","","","","","","","60"
"","","","","","","","","","","","","62"
"","","","","","","","","","","","","61"
"","","","","","","","","","","","","81"
"","","","","","","","","","","","","83"
"","","","","","","","","","","","","93"
"","","","","","","","","","","","","63"
"","","","","","","","","","","","","82"
"","","","","","","","","","","","","94"
"","","","","","","","","","","","","91"
"","","","","","","","","","","","","48"
"","","","","","","","","","","","","77"
"","","","","","","","","","","","","4"
"","","","","","","","","","","","","18"
"","","","","","","","","","","","","17"
"","","","","","","","","","","","","15"
"","","","","","","","","","","","","16"
"","","","","","","","","","","","","5"
"","","","","","","","","","","","","76"
"","","","","","","","","","","","","71"
"","","","","","","","","","","","","75"
"","","","","","","","","","","","","74"
"","","","","","","","","","","","","90"
"","","","","","","","","","","","","88"
"","","","","","","","","","","","","87"
"","","","","","","","","","","","","51"
"","","","","","","","","","","","","78"
"","","","","","","","","","","","","89"
"","","","","","","","","","","","","52"
"","","","","","","","","","","","","79"
"","","","","","","","","","","","","44"
"","","","","","","","","","","","","73"
"","","","","","","","","","","","","72"
"","","","","","","","","","","","","8"
"","","","","","","","","","","","","36"
"","","","","","","","","","","","","13"
"","","","","","","","","","","","","43"
"","","","","","","","","","","","","28"
"","","","","","","","","","","","","34"
"","","","","","","","","","","","","85"
"","","","","","","","","","","","","37"
"","","","","","","","","","","","","42"
"","","","","","","","","","","","","41"
"","","","","","","","","","","","","29"
"","","","","","","","","","","","","33"
"","","","","","","","","","","","","38"
"","","","","","","","","","","","","95"
"","","","","","","","","","","","","12"
"","","","","","","","","","","","","32"
"","","","","","","","","","","","","54"
"","","","","","","","","","","","","27"
"","","","","","","","","","","","","40"
"","","","","","","","","","","","","39"
"","","","","","","","","","","","","92"
"","Price Difference ","","","Cost of Revenue","","","B01-03 Showroom (18.4.22)","8367","True","47","","1"
"","","","","","","","","","","","","2"
"","","","","","","","","","","","","10"
"","","","","","","","","","","","","11"
"","","","","","","","","","","","","3"
"","","","","","","","","","","","","14"
"","","","","","","","","","","","","9"
"","","","","","","","","","","","","45"
"","","","","","","","","","","","","35"
"","","","","","","","","","","","502004","47"
"","","","","","","","","","","","","108"
"","","","","","","","","","","","","70"
"","","","","","","","","","","","","99"
"","","","","","","","","","","","","103"
"","","","","","","","","","","","","100"
"","","","","","","","","","","","","107"
"","","","","","","","","","","","","112"
"","","","","","","","","","","","","113"
"","","","","","","","","","","","","119"
"","","","","","","","","","","","","102"
"","","","","","","","","","","","","122"
"","","","","","","","","","","","","120"
"","","","","","","","","","","","","101"
"","","","","","","","","","","","","105"
"","","","","","","","","","","","","96"
"","","","","","","","","","","","","118"
"","","","","","","","","","","","","97"
"","","","","","","","","","","","","115"
"","","","","","","","","","","","","110"
"","","","","","","","","","","","","116"
"","","","","","","","","","","","","106"
"","","","","","","","","","","","","121"
"","","","","","","","","","","","","114"
"","","","","","","","","","","","","111"
"","","","","","","","","","","","","117"
"","","","","","","","","","","","","98"
"","","","","","","","","","","","","104"
"","","","","","","","","","","","","109"
"","","","","","","","","","","","","7"
"","","","","","","","","","","","","6"
"","","","","","","","","","","","","31"
"","","","","","","","","","","","","26"
"","","","","","","","","","","","","46"
"","","","","","","","","","","","","84"
"","","","","","","","","","","","","50"
"","","","","","","","","","","","","86"
"","","","","","","","","","","","","65"
"","","","","","","","","","","","","80"
"","","","","","","","","","","","","49"
"","","","","","","","","","","","","66"
"","","","","","","","","","","","","64"
"","","","","","","","","","","","","56"
"","","","","","","","","","","","","57"
"","","","","","","","","","","","","67"
"","","","","","","","","","","","","59"
"","","","","","","","","","","","","68"
"","","","","","","","","","","","","55"
"","","","","","","","","","","","","58"
"","","","","","","","","","","","","69"
"","","","","","","","","","","","","60"
"","","","","","","","","","","","","62"
"","","","","","","","","","","","","61"
"","","","","","","","","","","","","81"
"","","","","","","","","","","","","83"
"","","","","","","","","","","","","93"
"","","","","","","","","","","","","63"
"","","","","","","","","","","","","82"
"","","","","","","","","","","","","94"
"","","","","","","","","","","","","91"
"","","","","","","","","","","","","48"
"","","","","","","","","","","","","77"
"","","","","","","","","","","","","4"
"","","","","","","","","","","","","18"
"","","","","","","","","","","","","17"
"","","","","","","","","","","","","15"
"","","","","","","","","","","","","16"
"","","","","","","","","","","","","5"
"","","","","","","","","","","","","76"
"","","","","","","","","","","","","71"
"","","","","","","","","","","","","75"
"","","","","","","","","","","","","74"
"","","","","","","","","","","","","90"
"","","","","","","","","","","","","88"
"","","","","","","","","","","","","87"
"","","","","","","","","","","","","51"
"","","","","","","","","","","","","78"
"","","","","","","","","","","","","89"
"","","","","","","","","","","","","52"
"","","","","","","","","","","","","79"
"","","","","","","","","","","","","44"
"","","","","","","","","","","","","73"
"","","","","","","","","","","","","72"
"","","","","","","","","","","","","8"
"","","","","","","","","","","","","36"
"","","","","","","","","","","","","13"
"","","","","","","","","","","","","43"
"","","","","","","","","","","","","28"
"","","","","","","","","","","","","34"
"","","","","","","","","","","","","85"
"","","","","","","","","","","","","37"
"","","","","","","","","","","","","42"
"","","","","","","","","","","","","41"
"","","","","","","","","","","","","29"
"","","","","","","","","","","","","33"
"","","","","","","","","","","","","38"
"","","","","","","","","","","","","95"
"","","","","","","","","","","","","12"
"","","","","","","","","","","","","32"
"","","","","","","","","","","","","54"
"","","","","","","","","","","","","27"
"","","","","","","","","","","","","40"
"","","","","","","","","","","","","39"
"","","","","","","","","","","","","92"
"","Price Difference ","","","Expenses","","","Backup 29လမ်း Show(4 To 9/2021)","37030","True","70","","1"
"","","","","","","","","","","","","2"
"","","","","","","","","","","","","10"
"","","","","","","","","","","","","11"
"","","","","","","","","","","","","3"
"","","","","","","","","","","","","14"
"","","","","","","","","","","","","9"
"","","","","","","","","","","","","45"
"","","","","","","","","","","","","35"
"","","","","","","","","","","","","47"
"","","","","","","","","","","","","108"
"","","","","","","","","","","","502004","70"
"","","","","","","","","","","","","99"
"","","","","","","","","","","","","103"
"","","","","","","","","","","","","100"
"","","","","","","","","","","","","107"
"","","","","","","","","","","","","112"
"","","","","","","","","","","","","113"
"","","","","","","","","","","","","119"
"","","","","","","","","","","","","102"
"","","","","","","","","","","","","122"
"","","","","","","","","","","","","120"
"","","","","","","","","","","","","101"
"","","","","","","","","","","","","105"
"","","","","","","","","","","","","96"
"","","","","","","","","","","","","118"
"","","","","","","","","","","","","97"
"","","","","","","","","","","","","115"
"","","","","","","","","","","","","110"
"","","","","","","","","","","","","116"
"","","","","","","","","","","","","106"
"","","","","","","","","","","","","121"
"","","","","","","","","","","","","114"
"","","","","","","","","","","","","111"
"","","","","","","","","","","","","117"
"","","","","","","","","","","","","98"
"","","","","","","","","","","","","104"
"","","","","","","","","","","","","109"
"","","","","","","","","","","","","7"
"","","","","","","","","","","","","6"
"","","","","","","","","","","","","31"
"","","","","","","","","","","","","26"
"","","","","","","","","","","","","46"
"","","","","","","","","","","","","84"
"","","","","","","","","","","","","50"
"","","","","","","","","","","","","86"
"","","","","","","","","","","","","65"
"","","","","","","","","","","","","80"
"","","","","","","","","","","","","49"
"","","","","","","","","","","","","66"
"","","","","","","","","","","","","64"
"","","","","","","","","","","","","56"
"","","","","","","","","","","","","57"
"","","","","","","","","","","","","67"
"","","","","","","","","","","","","59"
"","","","","","","","","","","","","68"
"","","","","","","","","","","","","55"
"","","","","","","","","","","","","58"
"","","","","","","","","","","","","69"
"","","","","","","","","","","","","60"
"","","","","","","","","","","","","62"
"","","","","","","","","","","","","61"
"","","","","","","","","","","","","81"
"","","","","","","","","","","","","83"
"","","","","","","","","","","","","93"
"","","","","","","","","","","","","63"
"","","","","","","","","","","","","82"
"","","","","","","","","","","","","94"
"","","","","","","","","","","","","91"
"","","","","","","","","","","","","48"
"","","","","","","","","","","","","77"
"","","","","","","","","","","","","4"
"","","","","","","","","","","","","18"
"","","","","","","","","","","","","17"
"","","","","","","","","","","","","15"
"","","","","","","","","","","","","16"
"","","","","","","","","","","","","5"
"","","","","","","","","","","","","76"
"","","","","","","","","","","","","71"
"","","","","","","","","","","","","75"
"","","","","","","","","","","","","74"
"","","","","","","","","","","","","90"
"","","","","","","","","","","","","88"
"","","","","","","","","","","","","87"
"","","","","","","","","","","","","51"
"","","","","","","","","","","","","78"
"","","","","","","","","","","","","89"
"","","","","","","","","","","","","52"
"","","","","","","","","","","","","79"
"","","","","","","","","","","","","44"
"","","","","","","","","","","","","73"
"","","","","","","","","","","","","72"
"","","","","","","","","","","","","8"
"","","","","","","","","","","","","36"
"","","","","","","","","","","","","13"
"","","","","","","","","","","","","43"
"","","","","","","","","","","","","28"
"","","","","","","","","","","","","34"
"","","","","","","","","","","","","85"
"","","","","","","","","","","","","37"
"","","","","","","","","","","","","42"
"","","","","","","","","","","","","41"
"","","","","","","","","","","","","29"
"","","","","","","","","","","","","33"
"","","","","","","","","","","","","38"
"","","","","","","","","","","","","95"
"","","","","","","","","","","","","12"
"","","","","","","","","","","","","32"
"","","","","","","","","","","","","54"
"","","","","","","","","","","","","27"
"","","","","","","","","","","","","40"
"","","","","","","","","","","","","39"
"","","","","","","","","","","","","92"
"","Price Difference ","","","Expenses","","","Construction Sales (1.2.21)","1912","True","7","","1"
"","","","","","","","","","","","","2"
"","","","","","","","","","","","","10"
"","","","","","","","","","","","","11"
"","","","","","","","","","","","","3"
"","","","","","","","","","","","","14"
"","","","","","","","","","","","","9"
"","","","","","","","","","","","","45"
"","","","","","","","","","","","","35"
"","","","","","","","","","","","","47"
"","","","","","","","","","","","","108"
"","","","","","","","","","","","","70"
"","","","","","","","","","","","","99"
"","","","","","","","","","","","","103"
"","","","","","","","","","","","","100"
"","","","","","","","","","","","","107"
"","","","","","","","","","","","","112"
"","","","","","","","","","","","","113"
"","","","","","","","","","","","","119"
"","","","","","","","","","","","","102"
"","","","","","","","","","","","","122"
"","","","","","","","","","","","","120"
"","","","","","","","","","","","","101"
"","","","","","","","","","","","","105"
"","","","","","","","","","","","","96"
"","","","","","","","","","","","","118"
"","","","","","","","","","","","","97"
"","","","","","","","","","","","","115"
"","","","","","","","","","","","","110"
"","","","","","","","","","","","","116"
"","","","","","","","","","","","","106"
"","","","","","","","","","","","","121"
"","","","","","","","","","","","","114"
"","","","","","","","","","","","","111"
"","","","","","","","","","","","","117"
"","","","","","","","","","","","","98"
"","","","","","","","","","","","","104"
"","","","","","","","","","","","","109"
"","","","","","","","","","","","502004","7"
"","","","","","","","","","","","","6"
"","","","","","","","","","","","","31"
"","","","","","","","","","","","","26"
"","","","","","","","","","","","","46"
"","","","","","","","","","","","","84"
"","","","","","","","","","","","","50"
"","","","","","","","","","","","","86"
"","","","","","","","","","","","","65"
"","","","","","","","","","","","","80"
"","","","","","","","","","","","","49"
"","","","","","","","","","","","","66"
"","","","","","","","","","","","","64"
"","","","","","","","","","","","","56"
"","","","","","","","","","","","","57"
"","","","","","","","","","","","","67"
"","","","","","","","","","","","","59"
"","","","","","","","","","","","","68"
"","","","","","","","","","","","","55"
"","","","","","","","","","","","","58"
"","","","","","","","","","","","","69"
"","","","","","","","","","","","","60"
"","","","","","","","","","","","","62"
"","","","","","","","","","","","","61"
"","","","","","","","","","","","","81"
"","","","","","","","","","","","","83"
"","","","","","","","","","","","","93"
"","","","","","","","","","","","","63"
"","","","","","","","","","","","","82"
"","","","","","","","","","","","","94"
"","","","","","","","","","","","","91"
"","","","","","","","","","","","","48"
"","","","","","","","","","","","","77"
"","","","","","","","","","","","","4"
"","","","","","","","","","","","","18"
"","","","","","","","","","","","","17"
"","","","","","","","","","","","","15"
"","","","","","","","","","","","","16"
"","","","","","","","","","","","","5"
"","","","","","","","","","","","","76"
"","","","","","","","","","","","","71"
"","","","","","","","","","","","","75"
"","","","","","","","","","","","","74"
"","","","","","","","","","","","","90"
"","","","","","","","","","","","","88"
"","","","","","","","","","","","","87"
"","","","","","","","","","","","","51"
"","","","","","","","","","","","","78"
"","","","","","","","","","","","","89"
"","","","","","","","","","","","","52"
"","","","","","","","","","","","","79"
"","","","","","","","","","","","","44"
"","","","","","","","","","","","","73"
"","","","","","","","","","","","","72"
"","","","","","","","","","","","","8"
"","","","","","","","","","","","","36"
"","","","","","","","","","","","","13"
"","","","","","","","","","","","","43"
"","","","","","","","","","","","","28"
"","","","","","","","","","","","","34"
"","","","","","","","","","","","","85"
"","","","","","","","","","","","","37"
"","","","","","","","","","","","","42"
"","","","","","","","","","","","","41"
"","","","","","","","","","","","","29"
"","","","","","","","","","","","","33"
"","","","","","","","","","","","","38"
"","","","","","","","","","","","","95"
"","","","","","","","","","","","","12"
"","","","","","","","","","","","","32"
"","","","","","","","","","","","","54"
"","","","","","","","","","","","","27"
"","","","","","","","","","","","","40"
"","","","","","","","","","","","","39"
"","","","","","","","","","","","","92"
"","Price Difference ","","","Expenses","","","Container Sales (1.9.21)","1803","True","6","","1"
"","","","","","","","","","","","","2"
"","","","","","","","","","","","","10"
"","","","","","","","","","","","","11"
"","","","","","","","","","","","","3"
"","","","","","","","","","","","","14"
"","","","","","","","","","","","","9"
"","","","","","","","","","","","","45"
"","","","","","","","","","","","","35"
"","","","","","","","","","","","","47"
"","","","","","","","","","","","","108"
"","","","","","","","","","","","","70"
"","","","","","","","","","","","","99"
"","","","","","","","","","","","","103"
"","","","","","","","","","","","","100"
"","","","","","","","","","","","","107"
"","","","","","","","","","","","","112"
"","","","","","","","","","","","","113"
"","","","","","","","","","","","","119"
"","","","","","","","","","","","","102"
"","","","","","","","","","","","","122"
"","","","","","","","","","","","","120"
"","","","","","","","","","","","","101"
"","","","","","","","","","","","","105"
"","","","","","","","","","","","","96"
"","","","","","","","","","","","","118"
"","","","","","","","","","","","","97"
"","","","","","","","","","","","","115"
"","","","","","","","","","","","","110"
"","","","","","","","","","","","","116"
"","","","","","","","","","","","","106"
"","","","","","","","","","","","","121"
"","","","","","","","","","","","","114"
"","","","","","","","","","","","","111"
"","","","","","","","","","","","","117"
"","","","","","","","","","","","","98"
"","","","","","","","","","","","","104"
"","","","","","","","","","","","","109"
"","","","","","","","","","","","","7"
"","","","","","","","","","","","502004","6"
"","","","","","","","","","","","","31"
"","","","","","","","","","","","","26"
"","","","","","","","","","","","","46"
"","","","","","","","","","","","","84"
"","","","","","","","","","","","","50"
"","","","","","","","","","","","","86"
"","","","","","","","","","","","","65"
"","","","","","","","","","","","","80"
"","","","","","","","","","","","","49"
"","","","","","","","","","","","","66"
"","","","","","","","","","","","","64"
"","","","","","","","","","","","","56"
"","","","","","","","","","","","","57"
"","","","","","","","","","","","","67"
"","","","","","","","","","","","","59"
"","","","","","","","","","","","","68"
"","","","","","","","","","","","","55"
"","","","","","","","","","","","","58"
"","","","","","","","","","","","","69"
"","","","","","","","","","","","","60"
"","","","","","","","","","","","","62"
"","","","","","","","","","","","","61"
"","","","","","","","","","","","","81"
"","","","","","","","","","","","","83"
"","","","","","","","","","","","","93"
"","","","","","","","","","","","","63"
"","","","","","","","","","","","","82"
"","","","","","","","","","","","","94"
"","","","","","","","","","","","","91"
"","","","","","","","","","","","","48"
"","","","","","","","","","","","","77"
"","","","","","","","","","","","","4"
"","","","","","","","","","","","","18"
"","","","","","","","","","","","","17"
"","","","","","","","","","","","","15"
"","","","","","","","","","","","","16"
"","","","","","","","","","","","","5"
"","","","","","","","","","","","","76"
"","","","","","","","","","","","","71"
"","","","","","","","","","","","","75"
"","","","","","","","","","","","","74"
"","","","","","","","","","","","","90"
"","","","","","","","","","","","","88"
"","","","","","","","","","","","","87"
"","","","","","","","","","","","","51"
"","","","","","","","","","","","","78"
"","","","","","","","","","","","","89"
"","","","","","","","","","","","","52"
"","","","","","","","","","","","","79"
"","","","","","","","","","","","","44"
"","","","","","","","","","","","","73"
"","","","","","","","","","","","","72"
"","","","","","","","","","","","","8"
"","","","","","","","","","","","","36"
"","","","","","","","","","","","","13"
"","","","","","","","","","","","","43"
"","","","","","","","","","","","","28"
"","","","","","","","","","","","","34"
"","","","","","","","","","","","","85"
"","","","","","","","","","","","","37"
"","","","","","","","","","","","","42"
"","","","","","","","","","","","","41"
"","","","","","","","","","","","","29"
"","","","","","","","","","","","","33"
"","","","","","","","","","","","","38"
"","","","","","","","","","","","","95"
"","","","","","","","","","","","","12"
"","","","","","","","","","","","","32"
"","","","","","","","","","","","","54"
"","","","","","","","","","","","","27"
"","","","","","","","","","","","","40"
"","","","","","","","","","","","","39"
"","","","","","","","","","","","","92"
"","Price Difference ","","","Expenses","","","Covid Sales (1.10.21)","5555","True","31","","1"
"","","","","","","","","","","","","2"
"","","","","","","","","","","","","10"
"","","","","","","","","","","","","11"
"","","","","","","","","","","","","3"
"","","","","","","","","","","","","14"
"","","","","","","","","","","","","9"
"","","","","","","","","","","","","45"
"","","","","","","","","","","","","35"
"","","","","","","","","","","","","47"
"","","","","","","","","","","","","108"
"","","","","","","","","","","","","70"
"","","","","","","","","","","","","99"
"","","","","","","","","","","","","103"
"","","","","","","","","","","","","100"
"","","","","","","","","","","","","107"
"","","","","","","","","","","","","112"
"","","","","","","","","","","","","113"
"","","","","","","","","","","","","119"
"","","","","","","","","","","","","102"
"","","","","","","","","","","","","122"
"","","","","","","","","","","","","120"
"","","","","","","","","","","","","101"
"","","","","","","","","","","","","105"
"","","","","","","","","","","","","96"
"","","","","","","","","","","","","118"
"","","","","","","","","","","","","97"
"","","","","","","","","","","","","115"
"","","","","","","","","","","","","110"
"","","","","","","","","","","","","116"
"","","","","","","","","","","","","106"
"","","","","","","","","","","","","121"
"","","","","","","","","","","","","114"
"","","","","","","","","","","","","111"
"","","","","","","","","","","","","117"
"","","","","","","","","","","","","98"
"","","","","","","","","","","","","104"
"","","","","","","","","","","","","109"
"","","","","","","","","","","","","7"
"","","","","","","","","","","","","6"
"","","","","","","","","","","","502004","31"
"","","","","","","","","","","","","26"
"","","","","","","","","","","","","46"
"","","","","","","","","","","","","84"
"","","","","","","","","","","","","50"
"","","","","","","","","","","","","86"
"","","","","","","","","","","","","65"
"","","","","","","","","","","","","80"
"","","","","","","","","","","","","49"
"","","","","","","","","","","","","66"
"","","","","","","","","","","","","64"
"","","","","","","","","","","","","56"
"","","","","","","","","","","","","57"
"","","","","","","","","","","","","67"
"","","","","","","","","","","","","59"
"","","","","","","","","","","","","68"
"","","","","","","","","","","","","55"
"","","","","","","","","","","","","58"
"","","","","","","","","","","","","69"
"","","","","","","","","","","","","60"
"","","","","","","","","","","","","62"
"","","","","","","","","","","","","61"
"","","","","","","","","","","","","81"
"","","","","","","","","","","","","83"
"","","","","","","","","","","","","93"
"","","","","","","","","","","","","63"
"","","","","","","","","","","","","82"
"","","","","","","","","","","","","94"
"","","","","","","","","","","","","91"
"","","","","","","","","","","","","48"
"","","","","","","","","","","","","77"
"","","","","","","","","","","","","4"
"","","","","","","","","","","","","18"
"","","","","","","","","","","","","17"
"","","","","","","","","","","","","15"
"","","","","","","","","","","","","16"
"","","","","","","","","","","","","5"
"","","","","","","","","","","","","76"
"","","","","","","","","","","","","71"
"","","","","","","","","","","","","75"
"","","","","","","","","","","","","74"
"","","","","","","","","","","","","90"
"","","","","","","","","","","","","88"
"","","","","","","","","","","","","87"
"","","","","","","","","","","","","51"
"","","","","","","","","","","","","78"
"","","","","","","","","","","","","89"
"","","","","","","","","","","","","52"
"","","","","","","","","","","","","79"
"","","","","","","","","","","","","44"
"","","","","","","","","","","","","73"
"","","","","","","","","","","","","72"
"","","","","","","","","","","","","8"
"","","","","","","","","","","","","36"
"","","","","","","","","","","","","13"
"","","","","","","","","","","","","43"
"","","","","","","","","","","","","28"
"","","","","","","","","","","","","34"
"","","","","","","","","","","","","85"
"","","","","","","","","","","","","37"
"","","","","","","","","","","","","42"
"","","","","","","","","","","","","41"
"","","","","","","","","","","","","29"
"","","","","","","","","","","","","33"
"","","","","","","","","","","","","38"
"","","","","","","","","","","","","95"
"","","","","","","","","","","","","12"
"","","","","","","","","","","","","32"
"","","","","","","","","","","","","54"
"","","","","","","","","","","","","27"
"","","","","","","","","","","","","40"
"","","","","","","","","","","","","39"
"","","","","","","","","","","","","92"
"","Price Difference ","","","Expenses","","","Dawbon Industry (1.10.21)","4866","True","26","","1"
"","","","","","","","","","","","","2"
"","","","","","","","","","","","","10"
"","","","","","","","","","","","","11"
"","","","","","","","","","","","","3"
"","","","","","","","","","","","","14"
"","","","","","","","","","","","","9"
"","","","","","","","","","","","","45"
"","","","","","","","","","","","","35"
"","","","","","","","","","","","","47"
"","","","","","","","","","","","","108"
"","","","","","","","","","","","","70"
"","","","","","","","","","","","","99"
"","","","","","","","","","","","","103"
"","","","","","","","","","","","","100"
"","","","","","","","","","","","","107"
"","","","","","","","","","","","","112"
"","","","","","","","","","","","","113"
"","","","","","","","","","","","","119"
"","","","","","","","","","","","","102"
"","","","","","","","","","","","","122"
"","","","","","","","","","","","","120"
"","","","","","","","","","","","","101"
"","","","","","","","","","","","","105"
"","","","","","","","","","","","","96"
"","","","","","","","","","","","","118"
"","","","","","","","","","","","","97"
"","","","","","","","","","","","","115"
"","","","","","","","","","","","","110"
"","","","","","","","","","","","","116"
"","","","","","","","","","","","","106"
"","","","","","","","","","","","","121"
"","","","","","","","","","","","","114"
"","","","","","","","","","","","","111"
"","","","","","","","","","","","","117"
"","","","","","","","","","","","","98"
"","","","","","","","","","","","","104"
"","","","","","","","","","","","","109"
"","","","","","","","","","","","","7"
"","","","","","","","","","","","","6"
"","","","","","","","","","","","","31"
"","","","","","","","","","","","502004","26"
"","","","","","","","","","","","","46"
"","","","","","","","","","","","","84"
"","","","","","","","","","","","","50"
"","","","","","","","","","","","","86"
"","","","","","","","","","","","","65"
"","","","","","","","","","","","","80"
"","","","","","","","","","","","","49"
"","","","","","","","","","","","","66"
"","","","","","","","","","","","","64"
"","","","","","","","","","","","","56"
"","","","","","","","","","","","","57"
"","","","","","","","","","","","","67"
"","","","","","","","","","","","","59"
"","","","","","","","","","","","","68"
"","","","","","","","","","","","","55"
"","","","","","","","","","","","","58"
"","","","","","","","","","","","","69"
"","","","","","","","","","","","","60"
"","","","","","","","","","","","","62"
"","","","","","","","","","","","","61"
"","","","","","","","","","","","","81"
"","","","","","","","","","","","","83"
"","","","","","","","","","","","","93"
"","","","","","","","","","","","","63"
"","","","","","","","","","","","","82"
"","","","","","","","","","","","","94"
"","","","","","","","","","","","","91"
"","","","","","","","","","","","","48"
"","","","","","","","","","","","","77"
"","","","","","","","","","","","","4"
"","","","","","","","","","","","","18"
"","","","","","","","","","","","","17"
"","","","","","","","","","","","","15"
"","","","","","","","","","","","","16"
"","","","","","","","","","","","","5"
"","","","","","","","","","","","","76"
"","","","","","","","","","","","","71"
"","","","","","","","","","","","","75"
"","","","","","","","","","","","","74"
"","","","","","","","","","","","","90"
"","","","","","","","","","","","","88"
"","","","","","","","","","","","","87"
"","","","","","","","","","","","","51"
"","","","","","","","","","","","","78"
"","","","","","","","","","","","","89"
"","","","","","","","","","","","","52"
"","","","","","","","","","","","","79"
"","","","","","","","","","","","","44"
"","","","","","","","","","","","","73"
"","","","","","","","","","","","","72"
"","","","","","","","","","","","","8"
"","","","","","","","","","","","","36"
"","","","","","","","","","","","","13"
"","","","","","","","","","","","","43"
"","","","","","","","","","","","","28"
"","","","","","","","","","","","","34"
"","","","","","","","","","","","","85"
"","","","","","","","","","","","","37"
"","","","","","","","","","","","","42"
"","","","","","","","","","","","","41"
"","","","","","","","","","","","","29"
"","","","","","","","","","","","","33"
"","","","","","","","","","","","","38"
"","","","","","","","","","","","","95"
"","","","","","","","","","","","","12"
"","","","","","","","","","","","","32"
"","","","","","","","","","","","","54"
"","","","","","","","","","","","","27"
"","","","","","","","","","","","","40"
"","","","","","","","","","","","","39"
"","","","","","","","","","","","","92"
"","Price Difference ","","","Expenses","","","Fitting Industry (1.3.22)","8095","True","46","","1"
"","","","","","","","","","","","","2"
"","","","","","","","","","","","","10"
"","","","","","","","","","","","","11"
"","","","","","","","","","","","","3"
"","","","","","","","","","","","","14"
"","","","","","","","","","","","","9"
"","","","","","","","","","","","","45"
"","","","","","","","","","","","","35"
"","","","","","","","","","","","","47"
"","","","","","","","","","","","","108"
"","","","","","","","","","","","","70"
"","","","","","","","","","","","","99"
"","","","","","","","","","","","","103"
"","","","","","","","","","","","","100"
"","","","","","","","","","","","","107"
"","","","","","","","","","","","","112"
"","","","","","","","","","","","","113"
"","","","","","","","","","","","","119"
"","","","","","","","","","","","","102"
"","","","","","","","","","","","","122"
"","","","","","","","","","","","","120"
"","","","","","","","","","","","","101"
"","","","","","","","","","","","","105"
"","","","","","","","","","","","","96"
"","","","","","","","","","","","","118"
"","","","","","","","","","","","","97"
"","","","","","","","","","","","","115"
"","","","","","","","","","","","","110"
"","","","","","","","","","","","","116"
"","","","","","","","","","","","","106"
"","","","","","","","","","","","","121"
"","","","","","","","","","","","","114"
"","","","","","","","","","","","","111"
"","","","","","","","","","","","","117"
"","","","","","","","","","","","","98"
"","","","","","","","","","","","","104"
"","","","","","","","","","","","","109"
"","","","","","","","","","","","","7"
"","","","","","","","","","","","","6"
"","","","","","","","","","","","","31"
"","","","","","","","","","","","","26"
"","","","","","","","","","","","502004","46"
"","","","","","","","","","","","","84"
"","","","","","","","","","","","","50"
"","","","","","","","","","","","","86"
"","","","","","","","","","","","","65"
"","","","","","","","","","","","","80"
"","","","","","","","","","","","","49"
"","","","","","","","","","","","","66"
"","","","","","","","","","","","","64"
"","","","","","","","","","","","","56"
"","","","","","","","","","","","","57"
"","","","","","","","","","","","","67"
"","","","","","","","","","","","","59"
"","","","","","","","","","","","","68"
"","","","","","","","","","","","","55"
"","","","","","","","","","","","","58"
"","","","","","","","","","","","","69"
"","","","","","","","","","","","","60"
"","","","","","","","","","","","","62"
"","","","","","","","","","","","","61"
"","","","","","","","","","","","","81"
"","","","","","","","","","","","","83"
"","","","","","","","","","","","","93"
"","","","","","","","","","","","","63"
"","","","","","","","","","","","","82"
"","","","","","","","","","","","","94"
"","","","","","","","","","","","","91"
"","","","","","","","","","","","","48"
"","","","","","","","","","","","","77"
"","","","","","","","","","","","","4"
"","","","","","","","","","","","","18"
"","","","","","","","","","","","","17"
"","","","","","","","","","","","","15"
"","","","","","","","","","","","","16"
"","","","","","","","","","","","","5"
"","","","","","","","","","","","","76"
"","","","","","","","","","","","","71"
"","","","","","","","","","","","","75"
"","","","","","","","","","","","","74"
"","","","","","","","","","","","","90"
"","","","","","","","","","","","","88"
"","","","","","","","","","","","","87"
"","","","","","","","","","","","","51"
"","","","","","","","","","","","","78"
"","","","","","","","","","","","","89"
"","","","","","","","","","","","","52"
"","","","","","","","","","","","","79"
"","","","","","","","","","","","","44"
"","","","","","","","","","","","","73"
"","","","","","","","","","","","","72"
"","","","","","","","","","","","","8"
"","","","","","","","","","","","","36"
"","","","","","","","","","","","","13"
"","","","","","","","","","","","","43"
"","","","","","","","","","","","","28"
"","","","","","","","","","","","","34"
"","","","","","","","","","","","","85"
"","","","","","","","","","","","","37"
"","","","","","","","","","","","","42"
"","","","","","","","","","","","","41"
"","","","","","","","","","","","","29"
"","","","","","","","","","","","","33"
"","","","","","","","","","","","","38"
"","","","","","","","","","","","","95"
"","","","","","","","","","","","","12"
"","","","","","","","","","","","","32"
"","","","","","","","","","","","","54"
"","","","","","","","","","","","","27"
"","","","","","","","","","","","","40"
"","","","","","","","","","","","","39"
"","","","","","","","","","","","","92"
"","Price Difference ","","","Expenses","","","Gutter Industry (1.5.22)","13564","True","50","","1"
"","","","","","","","","","","","","2"
"","","","","","","","","","","","","10"
"","","","","","","","","","","","","11"
"","","","","","","","","","","","","3"
"","","","","","","","","","","","","14"
"","","","","","","","","","","","","9"
"","","","","","","","","","","","","45"
"","","","","","","","","","","","","35"
"","","","","","","","","","","","","47"
"","","","","","","","","","","","","108"
"","","","","","","","","","","","","70"
"","","","","","","","","","","","","99"
"","","","","","","","","","","","","103"
"","","","","","","","","","","","","100"
"","","","","","","","","","","","","107"
"","","","","","","","","","","","","112"
"","","","","","","","","","","","","113"
"","","","","","","","","","","","","119"
"","","","","","","","","","","","","102"
"","","","","","","","","","","","","122"
"","","","","","","","","","","","","120"
"","","","","","","","","","","","","101"
"","","","","","","","","","","","","105"
"","","","","","","","","","","","","96"
"","","","","","","","","","","","","118"
"","","","","","","","","","","","","97"
"","","","","","","","","","","","","115"
"","","","","","","","","","","","","110"
"","","","","","","","","","","","","116"
"","","","","","","","","","","","","106"
"","","","","","","","","","","","","121"
"","","","","","","","","","","","","114"
"","","","","","","","","","","","","111"
"","","","","","","","","","","","","117"
"","","","","","","","","","","","","98"
"","","","","","","","","","","","","104"
"","","","","","","","","","","","","109"
"","","","","","","","","","","","","7"
"","","","","","","","","","","","","6"
"","","","","","","","","","","","","31"
"","","","","","","","","","","","","26"
"","","","","","","","","","","","","46"
"","","","","","","","","","","","","84"
"","","","","","","","","","","","502004","50"
"","","","","","","","","","","","","86"
"","","","","","","","","","","","","65"
"","","","","","","","","","","","","80"
"","","","","","","","","","","","","49"
"","","","","","","","","","","","","66"
"","","","","","","","","","","","","64"
"","","","","","","","","","","","","56"
"","","","","","","","","","","","","57"
"","","","","","","","","","","","","67"
"","","","","","","","","","","","","59"
"","","","","","","","","","","","","68"
"","","","","","","","","","","","","55"
"","","","","","","","","","","","","58"
"","","","","","","","","","","","","69"
"","","","","","","","","","","","","60"
"","","","","","","","","","","","","62"
"","","","","","","","","","","","","61"
"","","","","","","","","","","","","81"
"","","","","","","","","","","","","83"
"","","","","","","","","","","","","93"
"","","","","","","","","","","","","63"
"","","","","","","","","","","","","82"
"","","","","","","","","","","","","94"
"","","","","","","","","","","","","91"
"","","","","","","","","","","","","48"
"","","","","","","","","","","","","77"
"","","","","","","","","","","","","4"
"","","","","","","","","","","","","18"
"","","","","","","","","","","","","17"
"","","","","","","","","","","","","15"
"","","","","","","","","","","","","16"
"","","","","","","","","","","","","5"
"","","","","","","","","","","","","76"
"","","","","","","","","","","","","71"
"","","","","","","","","","","","","75"
"","","","","","","","","","","","","74"
"","","","","","","","","","","","","90"
"","","","","","","","","","","","","88"
"","","","","","","","","","","","","87"
"","","","","","","","","","","","","51"
"","","","","","","","","","","","","78"
"","","","","","","","","","","","","89"
"","","","","","","","","","","","","52"
"","","","","","","","","","","","","79"
"","","","","","","","","","","","","44"
"","","","","","","","","","","","","73"
"","","","","","","","","","","","","72"
"","","","","","","","","","","","","8"
"","","","","","","","","","","","","36"
"","","","","","","","","","","","","13"
"","","","","","","","","","","","","43"
"","","","","","","","","","","","","28"
"","","","","","","","","","","","","34"
"","","","","","","","","","","","","85"
"","","","","","","","","","","","","37"
"","","","","","","","","","","","","42"
"","","","","","","","","","","","","41"
"","","","","","","","","","","","","29"
"","","","","","","","","","","","","33"
"","","","","","","","","","","","","38"
"","","","","","","","","","","","","95"
"","","","","","","","","","","","","12"
"","","","","","","","","","","","","32"
"","","","","","","","","","","","","54"
"","","","","","","","","","","","","27"
"","","","","","","","","","","","","40"
"","","","","","","","","","","","","39"
"","","","","","","","","","","","","92"
"","Price Difference ","","","Expenses","","","HD Tank မြောင်းတကာ (1.5.23)","49949","True","86","","1"
"","","","","","","","","","","","","2"
"","","","","","","","","","","","","10"
"","","","","","","","","","","","","11"
"","","","","","","","","","","","","3"
"","","","","","","","","","","","","14"
"","","","","","","","","","","","","9"
"","","","","","","","","","","","","45"
"","","","","","","","","","","","","35"
"","","","","","","","","","","","","47"
"","","","","","","","","","","","","108"
"","","","","","","","","","","","","70"
"","","","","","","","","","","","","99"
"","","","","","","","","","","","","103"
"","","","","","","","","","","","","100"
"","","","","","","","","","","","","107"
"","","","","","","","","","","","","112"
"","","","","","","","","","","","","113"
"","","","","","","","","","","","","119"
"","","","","","","","","","","","","102"
"","","","","","","","","","","","","122"
"","","","","","","","","","","","","120"
"","","","","","","","","","","","","101"
"","","","","","","","","","","","","105"
"","","","","","","","","","","","","96"
"","","","","","","","","","","","","118"
"","","","","","","","","","","","","97"
"","","","","","","","","","","","","115"
"","","","","","","","","","","","","110"
"","","","","","","","","","","","","116"
"","","","","","","","","","","","","106"
"","","","","","","","","","","","","121"
"","","","","","","","","","","","","114"
"","","","","","","","","","","","","111"
"","","","","","","","","","","","","117"
"","","","","","","","","","","","","98"
"","","","","","","","","","","","","104"
"","","","","","","","","","","","","109"
"","","","","","","","","","","","","7"
"","","","","","","","","","","","","6"
"","","","","","","","","","","","","31"
"","","","","","","","","","","","","26"
"","","","","","","","","","","","","46"
"","","","","","","","","","","","","84"
"","","","","","","","","","","","","50"
"","","","","","","","","","","","502004","86"
"","","","","","","","","","","","","65"
"","","","","","","","","","","","","80"
"","","","","","","","","","","","","49"
"","","","","","","","","","","","","66"
"","","","","","","","","","","","","64"
"","","","","","","","","","","","","56"
"","","","","","","","","","","","","57"
"","","","","","","","","","","","","67"
"","","","","","","","","","","","","59"
"","","","","","","","","","","","","68"
"","","","","","","","","","","","","55"
"","","","","","","","","","","","","58"
"","","","","","","","","","","","","69"
"","","","","","","","","","","","","60"
"","","","","","","","","","","","","62"
"","","","","","","","","","","","","61"
"","","","","","","","","","","","","81"
"","","","","","","","","","","","","83"
"","","","","","","","","","","","","93"
"","","","","","","","","","","","","63"
"","","","","","","","","","","","","82"
"","","","","","","","","","","","","94"
"","","","","","","","","","","","","91"
"","","","","","","","","","","","","48"
"","","","","","","","","","","","","77"
"","","","","","","","","","","","","4"
"","","","","","","","","","","","","18"
"","","","","","","","","","","","","17"
"","","","","","","","","","","","","15"
"","","","","","","","","","","","","16"
"","","","","","","","","","","","","5"
"","","","","","","","","","","","","76"
"","","","","","","","","","","","","71"
"","","","","","","","","","","","","75"
"","","","","","","","","","","","","74"
"","","","","","","","","","","","","90"
"","","","","","","","","","","","","88"
"","","","","","","","","","","","","87"
"","","","","","","","","","","","","51"
"","","","","","","","","","","","","78"
"","","","","","","","","","","","","89"
"","","","","","","","","","","","","52"
"","","","","","","","","","","","","79"
"","","","","","","","","","","","","44"
"","","","","","","","","","","","","73"
"","","","","","","","","","","","","72"
"","","","","","","","","","","","","8"
"","","","","","","","","","","","","36"
"","","","","","","","","","","","","13"
"","","","","","","","","","","","","43"
"","","","","","","","","","","","","28"
"","","","","","","","","","","","","34"
"","","","","","","","","","","","","85"
"","","","","","","","","","","","","37"
"","","","","","","","","","","","","42"
"","","","","","","","","","","","","41"
"","","","","","","","","","","","","29"
"","","","","","","","","","","","","33"
"","","","","","","","","","","","","38"
"","","","","","","","","","","","","95"
"","","","","","","","","","","","","12"
"","","","","","","","","","","","","32"
"","","","","","","","","","","","","54"
"","","","","","","","","","","","","27"
"","","","","","","","","","","","","40"
"","","","","","","","","","","","","39"
"","","","","","","","","","","","","92"
"","Price Difference ","","","Expenses","","","Lanmadaw Popular (1.6.21)","1577","True","4","","1"
"","","","","","","","","","","","","2"
"","","","","","","","","","","","","10"
"","","","","","","","","","","","","11"
"","","","","","","","","","","","","3"
"","","","","","","","","","","","","14"
"","","","","","","","","","","","","9"
"","","","","","","","","","","","","45"
"","","","","","","","","","","","","35"
"","","","","","","","","","","","","47"
"","","","","","","","","","","","","108"
"","","","","","","","","","","","","70"
"","","","","","","","","","","","","99"
"","","","","","","","","","","","","103"
"","","","","","","","","","","","","100"
"","","","","","","","","","","","","107"
"","","","","","","","","","","","","112"
"","","","","","","","","","","","","113"
"","","","","","","","","","","","","119"
"","","","","","","","","","","","","102"
"","","","","","","","","","","","","122"
"","","","","","","","","","","","","120"
"","","","","","","","","","","","","101"
"","","","","","","","","","","","","105"
"","","","","","","","","","","","","96"
"","","","","","","","","","","","","118"
"","","","","","","","","","","","","97"
"","","","","","","","","","","","","115"
"","","","","","","","","","","","","110"
"","","","","","","","","","","","","116"
"","","","","","","","","","","","","106"
"","","","","","","","","","","","","121"
"","","","","","","","","","","","","114"
"","","","","","","","","","","","","111"
"","","","","","","","","","","","","117"
"","","","","","","","","","","","","98"
"","","","","","","","","","","","","104"
"","","","","","","","","","","","","109"
"","","","","","","","","","","","","7"
"","","","","","","","","","","","","6"
"","","","","","","","","","","","","31"
"","","","","","","","","","","","","26"
"","","","","","","","","","","","","46"
"","","","","","","","","","","","","84"
"","","","","","","","","","","","","50"
"","","","","","","","","","","","","86"
"","","","","","","","","","","","","65"
"","","","","","","","","","","","","80"
"","","","","","","","","","","","","49"
"","","","","","","","","","","","","66"
"","","","","","","","","","","","","64"
"","","","","","","","","","","","","56"
"","","","","","","","","","","","","57"
"","","","","","","","","","","","","67"
"","","","","","","","","","","","","59"
"","","","","","","","","","","","","68"
"","","","","","","","","","","","","55"
"","","","","","","","","","","","","58"
"","","","","","","","","","","","","69"
"","","","","","","","","","","","","60"
"","","","","","","","","","","","","62"
"","","","","","","","","","","","","61"
"","","","","","","","","","","","","81"
"","","","","","","","","","","","","83"
"","","","","","","","","","","","","93"
"","","","","","","","","","","","","63"
"","","","","","","","","","","","","82"
"","","","","","","","","","","","","94"
"","","","","","","","","","","","","91"
"","","","","","","","","","","","","48"
"","","","","","","","","","","","","77"
"","","","","","","","","","","","502004","4"
"","","","","","","","","","","","","18"
"","","","","","","","","","","","","17"
"","","","","","","","","","","","","15"
"","","","","","","","","","","","","16"
"","","","","","","","","","","","","5"
"","","","","","","","","","","","","76"
"","","","","","","","","","","","","71"
"","","","","","","","","","","","","75"
"","","","","","","","","","","","","74"
"","","","","","","","","","","","","90"
"","","","","","","","","","","","","88"
"","","","","","","","","","","","","87"
"","","","","","","","","","","","","51"
"","","","","","","","","","","","","78"
"","","","","","","","","","","","","89"
"","","","","","","","","","","","","52"
"","","","","","","","","","","","","79"
"","","","","","","","","","","","","44"
"","","","","","","","","","","","","73"
"","","","","","","","","","","","","72"
"","","","","","","","","","","","","8"
"","","","","","","","","","","","","36"
"","","","","","","","","","","","","13"
"","","","","","","","","","","","","43"
"","","","","","","","","","","","","28"
"","","","","","","","","","","","","34"
"","","","","","","","","","","","","85"
"","","","","","","","","","","","","37"
"","","","","","","","","","","","","42"
"","","","","","","","","","","","","41"
"","","","","","","","","","","","","29"
"","","","","","","","","","","","","33"
"","","","","","","","","","","","","38"
"","","","","","","","","","","","","95"
"","","","","","","","","","","","","12"
"","","","","","","","","","","","","32"
"","","","","","","","","","","","","54"
"","","","","","","","","","","","","27"
"","","","","","","","","","","","","40"
"","","","","","","","","","","","","39"
"","","","","","","","","","","","","92"
"","Price Difference ","","","Expenses","","","Lanmadaw Tank/Ice (1.6.21)","3275","True","18","","1"
"","","","","","","","","","","","","2"
"","","","","","","","","","","","","10"
"","","","","","","","","","","","","11"
"","","","","","","","","","","","","3"
"","","","","","","","","","","","","14"
"","","","","","","","","","","","","9"
"","","","","","","","","","","","","45"
"","","","","","","","","","","","","35"
"","","","","","","","","","","","","47"
"","","","","","","","","","","","","108"
"","","","","","","","","","","","","70"
"","","","","","","","","","","","","99"
"","","","","","","","","","","","","103"
"","","","","","","","","","","","","100"
"","","","","","","","","","","","","107"
"","","","","","","","","","","","","112"
"","","","","","","","","","","","","113"
"","","","","","","","","","","","","119"
"","","","","","","","","","","","","102"
"","","","","","","","","","","","","122"
"","","","","","","","","","","","","120"
"","","","","","","","","","","","","101"
"","","","","","","","","","","","","105"
"","","","","","","","","","","","","96"
"","","","","","","","","","","","","118"
"","","","","","","","","","","","","97"
"","","","","","","","","","","","","115"
"","","","","","","","","","","","","110"
"","","","","","","","","","","","","116"
"","","","","","","","","","","","","106"
"","","","","","","","","","","","","121"
"","","","","","","","","","","","","114"
"","","","","","","","","","","","","111"
"","","","","","","","","","","","","117"
"","","","","","","","","","","","","98"
"","","","","","","","","","","","","104"
"","","","","","","","","","","","","109"
"","","","","","","","","","","","","7"
"","","","","","","","","","","","","6"
"","","","","","","","","","","","","31"
"","","","","","","","","","","","","26"
"","","","","","","","","","","","","46"
"","","","","","","","","","","","","84"
"","","","","","","","","","","","","50"
"","","","","","","","","","","","","86"
"","","","","","","","","","","","","65"
"","","","","","","","","","","","","80"
"","","","","","","","","","","","","49"
"","","","","","","","","","","","","66"
"","","","","","","","","","","","","64"
"","","","","","","","","","","","","56"
"","","","","","","","","","","","","57"
"","","","","","","","","","","","","67"
"","","","","","","","","","","","","59"
"","","","","","","","","","","","","68"
"","","","","","","","","","","","","55"
"","","","","","","","","","","","","58"
"","","","","","","","","","","","","69"
"","","","","","","","","","","","","60"
"","","","","","","","","","","","","62"
"","","","","","","","","","","","","61"
"","","","","","","","","","","","","81"
"","","","","","","","","","","","","83"
"","","","","","","","","","","","","93"
"","","","","","","","","","","","","63"
"","","","","","","","","","","","","82"
"","","","","","","","","","","","","94"
"","","","","","","","","","","","","91"
"","","","","","","","","","","","","48"
"","","","","","","","","","","","","77"
"","","","","","","","","","","","","4"
"","","","","","","","","","","","502004","18"
"","","","","","","","","","","","","17"
"","","","","","","","","","","","","15"
"","","","","","","","","","","","","16"
"","","","","","","","","","","","","5"
"","","","","","","","","","","","","76"
"","","","","","","","","","","","","71"
"","","","","","","","","","","","","75"
"","","","","","","","","","","","","74"
"","","","","","","","","","","","","90"
"","","","","","","","","","","","","88"
"","","","","","","","","","","","","87"
"","","","","","","","","","","","","51"
"","","","","","","","","","","","","78"
"","","","","","","","","","","","","89"
"","","","","","","","","","","","","52"
"","","","","","","","","","","","","79"
"","","","","","","","","","","","","44"
"","","","","","","","","","","","","73"
"","","","","","","","","","","","","72"
"","","","","","","","","","","","","8"
"","","","","","","","","","","","","36"
"","","","","","","","","","","","","13"
"","","","","","","","","","","","","43"
"","","","","","","","","","","","","28"
"","","","","","","","","","","","","34"
"","","","","","","","","","","","","85"
"","","","","","","","","","","","","37"
"","","","","","","","","","","","","42"
"","","","","","","","","","","","","41"
"","","","","","","","","","","","","29"
"","","","","","","","","","","","","33"
"","","","","","","","","","","","","38"
"","","","","","","","","","","","","95"
"","","","","","","","","","","","","12"
"","","","","","","","","","","","","32"
"","","","","","","","","","","","","54"
"","","","","","","","","","","","","27"
"","","","","","","","","","","","","40"
"","","","","","","","","","","","","39"
"","","","","","","","","","","","","92"
"","Price Difference ","","","Expenses","","","Lanmadaw Thinwall/Comb (1.6.21)","3159","True","17","","1"
"","","","","","","","","","","","","2"
"","","","","","","","","","","","","10"
"","","","","","","","","","","","","11"
"","","","","","","","","","","","","3"
"","","","","","","","","","","","","14"
"","","","","","","","","","","","","9"
"","","","","","","","","","","","","45"
"","","","","","","","","","","","","35"
"","","","","","","","","","","","","47"
"","","","","","","","","","","","","108"
"","","","","","","","","","","","","70"
"","","","","","","","","","","","","99"
"","","","","","","","","","","","","103"
"","","","","","","","","","","","","100"
"","","","","","","","","","","","","107"
"","","","","","","","","","","","","112"
"","","","","","","","","","","","","113"
"","","","","","","","","","","","","119"
"","","","","","","","","","","","","102"
"","","","","","","","","","","","","122"
"","","","","","","","","","","","","120"
"","","","","","","","","","","","","101"
"","","","","","","","","","","","","105"
"","","","","","","","","","","","","96"
"","","","","","","","","","","","","118"
"","","","","","","","","","","","","97"
"","","","","","","","","","","","","115"
"","","","","","","","","","","","","110"
"","","","","","","","","","","","","116"
"","","","","","","","","","","","","106"
"","","","","","","","","","","","","121"
"","","","","","","","","","","","","114"
"","","","","","","","","","","","","111"
"","","","","","","","","","","","","117"
"","","","","","","","","","","","","98"
"","","","","","","","","","","","","104"
"","","","","","","","","","","","","109"
"","","","","","","","","","","","","7"
"","","","","","","","","","","","","6"
"","","","","","","","","","","","","31"
"","","","","","","","","","","","","26"
"","","","","","","","","","","","","46"
"","","","","","","","","","","","","84"
"","","","","","","","","","","","","50"
"","","","","","","","","","","","","86"
"","","","","","","","","","","","","65"
"","","","","","","","","","","","","80"
"","","","","","","","","","","","","49"
"","","","","","","","","","","","","66"
"","","","","","","","","","","","","64"
"","","","","","","","","","","","","56"
"","","","","","","","","","","","","57"
"","","","","","","","","","","","","67"
"","","","","","","","","","","","","59"
"","","","","","","","","","","","","68"
"","","","","","","","","","","","","55"
"","","","","","","","","","","","","58"
"","","","","","","","","","","","","69"
"","","","","","","","","","","","","60"
"","","","","","","","","","","","","62"
"","","","","","","","","","","","","61"
"","","","","","","","","","","","","81"
"","","","","","","","","","","","","83"
"","","","","","","","","","","","","93"
"","","","","","","","","","","","","63"
"","","","","","","","","","","","","82"
"","","","","","","","","","","","","94"
"","","","","","","","","","","","","91"
"","","","","","","","","","","","","48"
"","","","","","","","","","","","","77"
"","","","","","","","","","","","","4"
"","","","","","","","","","","","","18"
"","","","","","","","","","","","502004","17"
"","","","","","","","","","","","","15"
"","","","","","","","","","","","","16"
"","","","","","","","","","","","","5"
"","","","","","","","","","","","","76"
"","","","","","","","","","","","","71"
"","","","","","","","","","","","","75"
"","","","","","","","","","","","","74"
"","","","","","","","","","","","","90"
"","","","","","","","","","","","","88"
"","","","","","","","","","","","","87"
"","","","","","","","","","","","","51"
"","","","","","","","","","","","","78"
"","","","","","","","","","","","","89"
"","","","","","","","","","","","","52"
"","","","","","","","","","","","","79"
"","","","","","","","","","","","","44"
"","","","","","","","","","","","","73"
"","","","","","","","","","","","","72"
"","","","","","","","","","","","","8"
"","","","","","","","","","","","","36"
"","","","","","","","","","","","","13"
"","","","","","","","","","","","","43"
"","","","","","","","","","","","","28"
"","","","","","","","","","","","","34"
"","","","","","","","","","","","","85"
"","","","","","","","","","","","","37"
"","","","","","","","","","","","","42"
"","","","","","","","","","","","","41"
"","","","","","","","","","","","","29"
"","","","","","","","","","","","","33"
"","","","","","","","","","","","","38"
"","","","","","","","","","","","","95"
"","","","","","","","","","","","","12"
"","","","","","","","","","","","","32"
"","","","","","","","","","","","","54"
"","","","","","","","","","","","","27"
"","","","","","","","","","","","","40"
"","","","","","","","","","","","","39"
"","","","","","","","","","","","","92"
"","Price Difference ","","","Expenses","","","Lanmadaw ပန်းအိုး (1.6.21)","3739","True","15","","1"
"","","","","","","","","","","","","2"
"","","","","","","","","","","","","10"
"","","","","","","","","","","","","11"
"","","","","","","","","","","","","3"
"","","","","","","","","","","","","14"
"","","","","","","","","","","","","9"
"","","","","","","","","","","","","45"
"","","","","","","","","","","","","35"
"","","","","","","","","","","","","47"
"","","","","","","","","","","","","108"
"","","","","","","","","","","","","70"
"","","","","","","","","","","","","99"
"","","","","","","","","","","","","103"
"","","","","","","","","","","","","100"
"","","","","","","","","","","","","107"
"","","","","","","","","","","","","112"
"","","","","","","","","","","","","113"
"","","","","","","","","","","","","119"
"","","","","","","","","","","","","102"
"","","","","","","","","","","","","122"
"","","","","","","","","","","","","120"
"","","","","","","","","","","","","101"
"","","","","","","","","","","","","105"
"","","","","","","","","","","","","96"
"","","","","","","","","","","","","118"
"","","","","","","","","","","","","97"
"","","","","","","","","","","","","115"
"","","","","","","","","","","","","110"
"","","","","","","","","","","","","116"
"","","","","","","","","","","","","106"
"","","","","","","","","","","","","121"
"","","","","","","","","","","","","114"
"","","","","","","","","","","","","111"
"","","","","","","","","","","","","117"
"","","","","","","","","","","","","98"
"","","","","","","","","","","","","104"
"","","","","","","","","","","","","109"
"","","","","","","","","","","","","7"
"","","","","","","","","","","","","6"
"","","","","","","","","","","","","31"
"","","","","","","","","","","","","26"
"","","","","","","","","","","","","46"
"","","","","","","","","","","","","84"
"","","","","","","","","","","","","50"
"","","","","","","","","","","","","86"
"","","","","","","","","","","","","65"
"","","","","","","","","","","","","80"
"","","","","","","","","","","","","49"
"","","","","","","","","","","","","66"
"","","","","","","","","","","","","64"
"","","","","","","","","","","","","56"
"","","","","","","","","","","","","57"
"","","","","","","","","","","","","67"
"","","","","","","","","","","","","59"
"","","","","","","","","","","","","68"
"","","","","","","","","","","","","55"
"","","","","","","","","","","","","58"
"","","","","","","","","","","","","69"
"","","","","","","","","","","","","60"
"","","","","","","","","","","","","62"
"","","","","","","","","","","","","61"
"","","","","","","","","","","","","81"
"","","","","","","","","","","","","83"
"","","","","","","","","","","","","93"
"","","","","","","","","","","","","63"
"","","","","","","","","","","","","82"
"","","","","","","","","","","","","94"
"","","","","","","","","","","","","91"
"","","","","","","","","","","","","48"
"","","","","","","","","","","","","77"
"","","","","","","","","","","","","4"
"","","","","","","","","","","","","18"
"","","","","","","","","","","","","17"
"","","","","","","","","","","","502004","15"
"","","","","","","","","","","","","16"
"","","","","","","","","","","","","5"
"","","","","","","","","","","","","76"
"","","","","","","","","","","","","71"
"","","","","","","","","","","","","75"
"","","","","","","","","","","","","74"
"","","","","","","","","","","","","90"
"","","","","","","","","","","","","88"
"","","","","","","","","","","","","87"
"","","","","","","","","","","","","51"
"","","","","","","","","","","","","78"
"","","","","","","","","","","","","89"
"","","","","","","","","","","","","52"
"","","","","","","","","","","","","79"
"","","","","","","","","","","","","44"
"","","","","","","","","","","","","73"
"","","","","","","","","","","","","72"
"","","","","","","","","","","","","8"
"","","","","","","","","","","","","36"
"","","","","","","","","","","","","13"
"","","","","","","","","","","","","43"
"","","","","","","","","","","","","28"
"","","","","","","","","","","","","34"
"","","","","","","","","","","","","85"
"","","","","","","","","","","","","37"
"","","","","","","","","","","","","42"
"","","","","","","","","","","","","41"
"","","","","","","","","","","","","29"
"","","","","","","","","","","","","33"
"","","","","","","","","","","","","38"
"","","","","","","","","","","","","95"
"","","","","","","","","","","","","12"
"","","","","","","","","","","","","32"
"","","","","","","","","","","","","54"
"","","","","","","","","","","","","27"
"","","","","","","","","","","","","40"
"","","","","","","","","","","","","39"
"","","","","","","","","","","","","92"
"","Price Difference ","","","Expenses","","","Lanmadaw သံစားပွဲ/မယ်လမင်း (1.6.21)","3623","True","16","","1"
"","","","","","","","","","","","","2"
"","","","","","","","","","","","","10"
"","","","","","","","","","","","","11"
"","","","","","","","","","","","","3"
"","","","","","","","","","","","","14"
"","","","","","","","","","","","","9"
"","","","","","","","","","","","","45"
"","","","","","","","","","","","","35"
"","","","","","","","","","","","","47"
"","","","","","","","","","","","","108"
"","","","","","","","","","","","","70"
"","","","","","","","","","","","","99"
"","","","","","","","","","","","","103"
"","","","","","","","","","","","","100"
"","","","","","","","","","","","","107"
"","","","","","","","","","","","","112"
"","","","","","","","","","","","","113"
"","","","","","","","","","","","","119"
"","","","","","","","","","","","","102"
"","","","","","","","","","","","","122"
"","","","","","","","","","","","","120"
"","","","","","","","","","","","","101"
"","","","","","","","","","","","","105"
"","","","","","","","","","","","","96"
"","","","","","","","","","","","","118"
"","","","","","","","","","","","","97"
"","","","","","","","","","","","","115"
"","","","","","","","","","","","","110"
"","","","","","","","","","","","","116"
"","","","","","","","","","","","","106"
"","","","","","","","","","","","","121"
"","","","","","","","","","","","","114"
"","","","","","","","","","","","","111"
"","","","","","","","","","","","","117"
"","","","","","","","","","","","","98"
"","","","","","","","","","","","","104"
"","","","","","","","","","","","","109"
"","","","","","","","","","","","","7"
"","","","","","","","","","","","","6"
"","","","","","","","","","","","","31"
"","","","","","","","","","","","","26"
"","","","","","","","","","","","","46"
"","","","","","","","","","","","","84"
"","","","","","","","","","","","","50"
"","","","","","","","","","","","","86"
"","","","","","","","","","","","","65"
"","","","","","","","","","","","","80"
"","","","","","","","","","","","","49"
"","","","","","","","","","","","","66"
"","","","","","","","","","","","","64"
"","","","","","","","","","","","","56"
"","","","","","","","","","","","","57"
"","","","","","","","","","","","","67"
"","","","","","","","","","","","","59"
"","","","","","","","","","","","","68"
"","","","","","","","","","","","","55"
"","","","","","","","","","","","","58"
"","","","","","","","","","","","","69"
"","","","","","","","","","","","","60"
"","","","","","","","","","","","","62"
"","","","","","","","","","","","","61"
"","","","","","","","","","","","","81"
"","","","","","","","","","","","","83"
"","","","","","","","","","","","","93"
"","","","","","","","","","","","","63"
"","","","","","","","","","","","","82"
"","","","","","","","","","","","","94"
"","","","","","","","","","","","","91"
"","","","","","","","","","","","","48"
"","","","","","","","","","","","","77"
"","","","","","","","","","","","","4"
"","","","","","","","","","","","","18"
"","","","","","","","","","","","","17"
"","","","","","","","","","","","","15"
"","","","","","","","","","","","502004","16"
"","","","","","","","","","","","","5"
"","","","","","","","","","","","","76"
"","","","","","","","","","","","","71"
"","","","","","","","","","","","","75"
"","","","","","","","","","","","","74"
"","","","","","","","","","","","","90"
"","","","","","","","","","","","","88"
"","","","","","","","","","","","","87"
"","","","","","","","","","","","","51"
"","","","","","","","","","","","","78"
"","","","","","","","","","","","","89"
"","","","","","","","","","","","","52"
"","","","","","","","","","","","","79"
"","","","","","","","","","","","","44"
"","","","","","","","","","","","","73"
"","","","","","","","","","","","","72"
"","","","","","","","","","","","","8"
"","","","","","","","","","","","","36"
"","","","","","","","","","","","","13"
"","","","","","","","","","","","","43"
"","","","","","","","","","","","","28"
"","","","","","","","","","","","","34"
"","","","","","","","","","","","","85"
"","","","","","","","","","","","","37"
"","","","","","","","","","","","","42"
"","","","","","","","","","","","","41"
"","","","","","","","","","","","","29"
"","","","","","","","","","","","","33"
"","","","","","","","","","","","","38"
"","","","","","","","","","","","","95"
"","","","","","","","","","","","","12"
"","","","","","","","","","","","","32"
"","","","","","","","","","","","","54"
"","","","","","","","","","","","","27"
"","","","","","","","","","","","","40"
"","","","","","","","","","","","","39"
"","","","","","","","","","","","","92"
"","Price Difference ","","","Expenses","","","Lanmadaw2 Pipe Fitting (1.1.21)","1694","True","5","","1"
"","","","","","","","","","","","","2"
"","","","","","","","","","","","","10"
"","","","","","","","","","","","","11"
"","","","","","","","","","","","","3"
"","","","","","","","","","","","","14"
"","","","","","","","","","","","","9"
"","","","","","","","","","","","","45"
"","","","","","","","","","","","","35"
"","","","","","","","","","","","","47"
"","","","","","","","","","","","","108"
"","","","","","","","","","","","","70"
"","","","","","","","","","","","","99"
"","","","","","","","","","","","","103"
"","","","","","","","","","","","","100"
"","","","","","","","","","","","","107"
"","","","","","","","","","","","","112"
"","","","","","","","","","","","","113"
"","","","","","","","","","","","","119"
"","","","","","","","","","","","","102"
"","","","","","","","","","","","","122"
"","","","","","","","","","","","","120"
"","","","","","","","","","","","","101"
"","","","","","","","","","","","","105"
"","","","","","","","","","","","","96"
"","","","","","","","","","","","","118"
"","","","","","","","","","","","","97"
"","","","","","","","","","","","","115"
"","","","","","","","","","","","","110"
"","","","","","","","","","","","","116"
"","","","","","","","","","","","","106"
"","","","","","","","","","","","","121"
"","","","","","","","","","","","","114"
"","","","","","","","","","","","","111"
"","","","","","","","","","","","","117"
"","","","","","","","","","","","","98"
"","","","","","","","","","","","","104"
"","","","","","","","","","","","","109"
"","","","","","","","","","","","","7"
"","","","","","","","","","","","","6"
"","","","","","","","","","","","","31"
"","","","","","","","","","","","","26"
"","","","","","","","","","","","","46"
"","","","","","","","","","","","","84"
"","","","","","","","","","","","","50"
"","","","","","","","","","","","","86"
"","","","","","","","","","","","","65"
"","","","","","","","","","","","","80"
"","","","","","","","","","","","","49"
"","","","","","","","","","","","","66"
"","","","","","","","","","","","","64"
"","","","","","","","","","","","","56"
"","","","","","","","","","","","","57"
"","","","","","","","","","","","","67"
"","","","","","","","","","","","","59"
"","","","","","","","","","","","","68"
"","","","","","","","","","","","","55"
"","","","","","","","","","","","","58"
"","","","","","","","","","","","","69"
"","","","","","","","","","","","","60"
"","","","","","","","","","","","","62"
"","","","","","","","","","","","","61"
"","","","","","","","","","","","","81"
"","","","","","","","","","","","","83"
"","","","","","","","","","","","","93"
"","","","","","","","","","","","","63"
"","","","","","","","","","","","","82"
"","","","","","","","","","","","","94"
"","","","","","","","","","","","","91"
"","","","","","","","","","","","","48"
"","","","","","","","","","","","","77"
"","","","","","","","","","","","","4"
"","","","","","","","","","","","","18"
"","","","","","","","","","","","","17"
"","","","","","","","","","","","","15"
"","","","","","","","","","","","","16"
"","","","","","","","","","","","502004","5"
"","","","","","","","","","","","","76"
"","","","","","","","","","","","","71"
"","","","","","","","","","","","","75"
"","","","","","","","","","","","","74"
"","","","","","","","","","","","","90"
"","","","","","","","","","","","","88"
"","","","","","","","","","","","","87"
"","","","","","","","","","","","","51"
"","","","","","","","","","","","","78"
"","","","","","","","","","","","","89"
"","","","","","","","","","","","","52"
"","","","","","","","","","","","","79"
"","","","","","","","","","","","","44"
"","","","","","","","","","","","","73"
"","","","","","","","","","","","","72"
"","","","","","","","","","","","","8"
"","","","","","","","","","","","","36"
"","","","","","","","","","","","","13"
"","","","","","","","","","","","","43"
"","","","","","","","","","","","","28"
"","","","","","","","","","","","","34"
"","","","","","","","","","","","","85"
"","","","","","","","","","","","","37"
"","","","","","","","","","","","","42"
"","","","","","","","","","","","","41"
"","","","","","","","","","","","","29"
"","","","","","","","","","","","","33"
"","","","","","","","","","","","","38"
"","","","","","","","","","","","","95"
"","","","","","","","","","","","","12"
"","","","","","","","","","","","","32"
"","","","","","","","","","","","","54"
"","","","","","","","","","","","","27"
"","","","","","","","","","","","","40"
"","","","","","","","","","","","","39"
"","","","","","","","","","","","","92"
"","Price Difference ","","","Expenses","","","Main Group (1.9.22)","37317","True","71","","1"
"","","","","","","","","","","","","2"
"","","","","","","","","","","","","10"
"","","","","","","","","","","","","11"
"","","","","","","","","","","","","3"
"","","","","","","","","","","","","14"
"","","","","","","","","","","","","9"
"","","","","","","","","","","","","45"
"","","","","","","","","","","","","35"
"","","","","","","","","","","","","47"
"","","","","","","","","","","","","108"
"","","","","","","","","","","","","70"
"","","","","","","","","","","","","99"
"","","","","","","","","","","","","103"
"","","","","","","","","","","","","100"
"","","","","","","","","","","","","107"
"","","","","","","","","","","","","112"
"","","","","","","","","","","","","113"
"","","","","","","","","","","","","119"
"","","","","","","","","","","","","102"
"","","","","","","","","","","","","122"
"","","","","","","","","","","","","120"
"","","","","","","","","","","","","101"
"","","","","","","","","","","","","105"
"","","","","","","","","","","","","96"
"","","","","","","","","","","","","118"
"","","","","","","","","","","","","97"
"","","","","","","","","","","","","115"
"","","","","","","","","","","","","110"
"","","","","","","","","","","","","116"
"","","","","","","","","","","","","106"
"","","","","","","","","","","","","121"
"","","","","","","","","","","","","114"
"","","","","","","","","","","","","111"
"","","","","","","","","","","","","117"
"","","","","","","","","","","","","98"
"","","","","","","","","","","","","104"
"","","","","","","","","","","","","109"
"","","","","","","","","","","","","7"
"","","","","","","","","","","","","6"
"","","","","","","","","","","","","31"
"","","","","","","","","","","","","26"
"","","","","","","","","","","","","46"
"","","","","","","","","","","","","84"
"","","","","","","","","","","","","50"
"","","","","","","","","","","","","86"
"","","","","","","","","","","","","65"
"","","","","","","","","","","","","80"
"","","","","","","","","","","","","49"
"","","","","","","","","","","","","66"
"","","","","","","","","","","","","64"
"","","","","","","","","","","","","56"
"","","","","","","","","","","","","57"
"","","","","","","","","","","","","67"
"","","","","","","","","","","","","59"
"","","","","","","","","","","","","68"
"","","","","","","","","","","","","55"
"","","","","","","","","","","","","58"
"","","","","","","","","","","","","69"
"","","","","","","","","","","","","60"
"","","","","","","","","","","","","62"
"","","","","","","","","","","","","61"
"","","","","","","","","","","","","81"
"","","","","","","","","","","","","83"
"","","","","","","","","","","","","93"
"","","","","","","","","","","","","63"
"","","","","","","","","","","","","82"
"","","","","","","","","","","","","94"
"","","","","","","","","","","","","91"
"","","","","","","","","","","","","48"
"","","","","","","","","","","","","77"
"","","","","","","","","","","","","4"
"","","","","","","","","","","","","18"
"","","","","","","","","","","","","17"
"","","","","","","","","","","","","15"
"","","","","","","","","","","","","16"
"","","","","","","","","","","","","5"
"","","","","","","","","","","","","76"
"","","","","","","","","","","","502004","71"
"","","","","","","","","","","","","75"
"","","","","","","","","","","","","74"
"","","","","","","","","","","","","90"
"","","","","","","","","","","","","88"
"","","","","","","","","","","","","87"
"","","","","","","","","","","","","51"
"","","","","","","","","","","","","78"
"","","","","","","","","","","","","89"
"","","","","","","","","","","","","52"
"","","","","","","","","","","","","79"
"","","","","","","","","","","","","44"
"","","","","","","","","","","","","73"
"","","","","","","","","","","","","72"
"","","","","","","","","","","","","8"
"","","","","","","","","","","","","36"
"","","","","","","","","","","","","13"
"","","","","","","","","","","","","43"
"","","","","","","","","","","","","28"
"","","","","","","","","","","","","34"
"","","","","","","","","","","","","85"
"","","","","","","","","","","","","37"
"","","","","","","","","","","","","42"
"","","","","","","","","","","","","41"
"","","","","","","","","","","","","29"
"","","","","","","","","","","","","33"
"","","","","","","","","","","","","38"
"","","","","","","","","","","","","95"
"","","","","","","","","","","","","12"
"","","","","","","","","","","","","32"
"","","","","","","","","","","","","54"
"","","","","","","","","","","","","27"
"","","","","","","","","","","","","40"
"","","","","","","","","","","","","39"
"","","","","","","","","","","","","92"
"","Price Difference ","","","Expenses","","","Min Su Tank Industry (1.11.22)","37771","True","74","","1"
"","","","","","","","","","","","","2"
"","","","","","","","","","","","","10"
"","","","","","","","","","","","","11"
"","","","","","","","","","","","","3"
"","","","","","","","","","","","","14"
"","","","","","","","","","","","","9"
"","","","","","","","","","","","","45"
"","","","","","","","","","","","","35"
"","","","","","","","","","","","","47"
"","","","","","","","","","","","","108"
"","","","","","","","","","","","","70"
"","","","","","","","","","","","","99"
"","","","","","","","","","","","","103"
"","","","","","","","","","","","","100"
"","","","","","","","","","","","","107"
"","","","","","","","","","","","","112"
"","","","","","","","","","","","","113"
"","","","","","","","","","","","","119"
"","","","","","","","","","","","","102"
"","","","","","","","","","","","","122"
"","","","","","","","","","","","","120"
"","","","","","","","","","","","","101"
"","","","","","","","","","","","","105"
"","","","","","","","","","","","","96"
"","","","","","","","","","","","","118"
"","","","","","","","","","","","","97"
"","","","","","","","","","","","","115"
"","","","","","","","","","","","","110"
"","","","","","","","","","","","","116"
"","","","","","","","","","","","","106"
"","","","","","","","","","","","","121"
"","","","","","","","","","","","","114"
"","","","","","","","","","","","","111"
"","","","","","","","","","","","","117"
"","","","","","","","","","","","","98"
"","","","","","","","","","","","","104"
"","","","","","","","","","","","","109"
"","","","","","","","","","","","","7"
"","","","","","","","","","","","","6"
"","","","","","","","","","","","","31"
"","","","","","","","","","","","","26"
"","","","","","","","","","","","","46"
"","","","","","","","","","","","","84"
"","","","","","","","","","","","","50"
"","","","","","","","","","","","","86"
"","","","","","","","","","","","","65"
"","","","","","","","","","","","","80"
"","","","","","","","","","","","","49"
"","","","","","","","","","","","","66"
"","","","","","","","","","","","","64"
"","","","","","","","","","","","","56"
"","","","","","","","","","","","","57"
"","","","","","","","","","","","","67"
"","","","","","","","","","","","","59"
"","","","","","","","","","","","","68"
"","","","","","","","","","","","","55"
"","","","","","","","","","","","","58"
"","","","","","","","","","","","","69"
"","","","","","","","","","","","","60"
"","","","","","","","","","","","","62"
"","","","","","","","","","","","","61"
"","","","","","","","","","","","","81"
"","","","","","","","","","","","","83"
"","","","","","","","","","","","","93"
"","","","","","","","","","","","","63"
"","","","","","","","","","","","","82"
"","","","","","","","","","","","","94"
"","","","","","","","","","","","","91"
"","","","","","","","","","","","","48"
"","","","","","","","","","","","","77"
"","","","","","","","","","","","","4"
"","","","","","","","","","","","","18"
"","","","","","","","","","","","","17"
"","","","","","","","","","","","","15"
"","","","","","","","","","","","","16"
"","","","","","","","","","","","","5"
"","","","","","","","","","","","","76"
"","","","","","","","","","","","","71"
"","","","","","","","","","","","","75"
"","","","","","","","","","","","502004","74"
"","","","","","","","","","","","","90"
"","","","","","","","","","","","","88"
"","","","","","","","","","","","","87"
"","","","","","","","","","","","","51"
"","","","","","","","","","","","","78"
"","","","","","","","","","","","","89"
"","","","","","","","","","","","","52"
"","","","","","","","","","","","","79"
"","","","","","","","","","","","","44"
"","","","","","","","","","","","","73"
"","","","","","","","","","","","","72"
"","","","","","","","","","","","","8"
"","","","","","","","","","","","","36"
"","","","","","","","","","","","","13"
"","","","","","","","","","","","","43"
"","","","","","","","","","","","","28"
"","","","","","","","","","","","","34"
"","","","","","","","","","","","","85"
"","","","","","","","","","","","","37"
"","","","","","","","","","","","","42"
"","","","","","","","","","","","","41"
"","","","","","","","","","","","","29"
"","","","","","","","","","","","","33"
"","","","","","","","","","","","","38"
"","","","","","","","","","","","","95"
"","","","","","","","","","","","","12"
"","","","","","","","","","","","","32"
"","","","","","","","","","","","","54"
"","","","","","","","","","","","","27"
"","","","","","","","","","","","","40"
"","","","","","","","","","","","","39"
"","","","","","","","","","","","","92"
"","Price Difference ","","","Expenses","","","No(1B-1C) ဆေးမွှေ Manufacturing (1.6.26)","77242","True","122","","1"
"","","","","","","","","","","","","2"
"","","","","","","","","","","","","10"
"","","","","","","","","","","","","11"
"","","","","","","","","","","","","3"
"","","","","","","","","","","","","14"
"","","","","","","","","","","","","9"
"","","","","","","","","","","","","45"
"","","","","","","","","","","","","35"
"","","","","","","","","","","","","47"
"","","","","","","","","","","","","108"
"","","","","","","","","","","","","70"
"","","","","","","","","","","","","99"
"","","","","","","","","","","","","103"
"","","","","","","","","","","","","100"
"","","","","","","","","","","","","107"
"","","","","","","","","","","","","112"
"","","","","","","","","","","","","113"
"","","","","","","","","","","","","119"
"","","","","","","","","","","","","102"
"","","","","","","","","","","","502004","122"
"","","","","","","","","","","","","120"
"","","","","","","","","","","","","101"
"","","","","","","","","","","","","105"
"","","","","","","","","","","","","96"
"","","","","","","","","","","","","118"
"","","","","","","","","","","","","97"
"","","","","","","","","","","","","115"
"","","","","","","","","","","","","110"
"","","","","","","","","","","","","116"
"","","","","","","","","","","","","106"
"","","","","","","","","","","","","121"
"","","","","","","","","","","","","114"
"","","","","","","","","","","","","111"
"","","","","","","","","","","","","117"
"","","","","","","","","","","","","98"
"","","","","","","","","","","","","104"
"","","","","","","","","","","","","109"
"","","","","","","","","","","","","7"
"","","","","","","","","","","","","6"
"","","","","","","","","","","","","31"
"","","","","","","","","","","","","26"
"","","","","","","","","","","","","46"
"","","","","","","","","","","","","84"
"","","","","","","","","","","","","50"
"","","","","","","","","","","","","86"
"","","","","","","","","","","","","65"
"","","","","","","","","","","","","80"
"","","","","","","","","","","","","49"
"","","","","","","","","","","","","66"
"","","","","","","","","","","","","64"
"","","","","","","","","","","","","56"
"","","","","","","","","","","","","57"
"","","","","","","","","","","","","67"
"","","","","","","","","","","","","59"
"","","","","","","","","","","","","68"
"","","","","","","","","","","","","55"
"","","","","","","","","","","","","58"
"","","","","","","","","","","","","69"
"","","","","","","","","","","","","60"
"","","","","","","","","","","","","62"
"","","","","","","","","","","","","61"
"","","","","","","","","","","","","81"
"","","","","","","","","","","","","83"
"","","","","","","","","","","","","93"
"","","","","","","","","","","","","63"
"","","","","","","","","","","","","82"
"","","","","","","","","","","","","94"
"","","","","","","","","","","","","91"
"","","","","","","","","","","","","48"
"","","","","","","","","","","","","77"
"","","","","","","","","","","","","4"
"","","","","","","","","","","","","18"
"","","","","","","","","","","","","17"
"","","","","","","","","","","","","15"
"","","","","","","","","","","","","16"
"","","","","","","","","","","","","5"
"","","","","","","","","","","","","76"
"","","","","","","","","","","","","71"
"","","","","","","","","","","","","75"
"","","","","","","","","","","","","74"
"","","","","","","","","","","","","90"
"","","","","","","","","","","","","88"
"","","","","","","","","","","","","87"
"","","","","","","","","","","","","51"
"","","","","","","","","","","","","78"
"","","","","","","","","","","","","89"
"","","","","","","","","","","","","52"
"","","","","","","","","","","","","79"
"","","","","","","","","","","","","44"
"","","","","","","","","","","","","73"
"","","","","","","","","","","","","72"
"","","","","","","","","","","","","8"
"","","","","","","","","","","","","36"
"","","","","","","","","","","","","13"
"","","","","","","","","","","","","43"
"","","","","","","","","","","","","28"
"","","","","","","","","","","","","34"
"","","","","","","","","","","","","85"
"","","","","","","","","","","","","37"
"","","","","","","","","","","","","42"
"","","","","","","","","","","","","41"
"","","","","","","","","","","","","29"
"","","","","","","","","","","","","33"
"","","","","","","","","","","","","38"
"","","","","","","","","","","","","95"
"","","","","","","","","","","","","12"
"","","","","","","","","","","","","32"
"","","","","","","","","","","","","54"
"","","","","","","","","","","","","27"
"","","","","","","","","","","","","40"
"","","","","","","","","","","","","39"
"","","","","","","","","","","","","92"
"","Price Difference ","","","Expenses","","","No-118 Industry (1.5.22)","13442","True","51","","1"
"","","","","","","","","","","","","2"
"","","","","","","","","","","","","10"
"","","","","","","","","","","","","11"
"","","","","","","","","","","","","3"
"","","","","","","","","","","","","14"
"","","","","","","","","","","","","9"
"","","","","","","","","","","","","45"
"","","","","","","","","","","","","35"
"","","","","","","","","","","","","47"
"","","","","","","","","","","","","108"
"","","","","","","","","","","","","70"
"","","","","","","","","","","","","99"
"","","","","","","","","","","","","103"
"","","","","","","","","","","","","100"
"","","","","","","","","","","","","107"
"","","","","","","","","","","","","112"
"","","","","","","","","","","","","113"
"","","","","","","","","","","","","119"
"","","","","","","","","","","","","102"
"","","","","","","","","","","","","122"
"","","","","","","","","","","","","120"
"","","","","","","","","","","","","101"
"","","","","","","","","","","","","105"
"","","","","","","","","","","","","96"
"","","","","","","","","","","","","118"
"","","","","","","","","","","","","97"
"","","","","","","","","","","","","115"
"","","","","","","","","","","","","110"
"","","","","","","","","","","","","116"
"","","","","","","","","","","","","106"
"","","","","","","","","","","","","121"
"","","","","","","","","","","","","114"
"","","","","","","","","","","","","111"
"","","","","","","","","","","","","117"
"","","","","","","","","","","","","98"
"","","","","","","","","","","","","104"
"","","","","","","","","","","","","109"
"","","","","","","","","","","","","7"
"","","","","","","","","","","","","6"
"","","","","","","","","","","","","31"
"","","","","","","","","","","","","26"
"","","","","","","","","","","","","46"
"","","","","","","","","","","","","84"
"","","","","","","","","","","","","50"
"","","","","","","","","","","","","86"
"","","","","","","","","","","","","65"
"","","","","","","","","","","","","80"
"","","","","","","","","","","","","49"
"","","","","","","","","","","","","66"
"","","","","","","","","","","","","64"
"","","","","","","","","","","","","56"
"","","","","","","","","","","","","57"
"","","","","","","","","","","","","67"
"","","","","","","","","","","","","59"
"","","","","","","","","","","","","68"
"","","","","","","","","","","","","55"
"","","","","","","","","","","","","58"
"","","","","","","","","","","","","69"
"","","","","","","","","","","","","60"
"","","","","","","","","","","","","62"
"","","","","","","","","","","","","61"
"","","","","","","","","","","","","81"
"","","","","","","","","","","","","83"
"","","","","","","","","","","","","93"
"","","","","","","","","","","","","63"
"","","","","","","","","","","","","82"
"","","","","","","","","","","","","94"
"","","","","","","","","","","","","91"
"","","","","","","","","","","","","48"
"","","","","","","","","","","","","77"
"","","","","","","","","","","","","4"
"","","","","","","","","","","","","18"
"","","","","","","","","","","","","17"
"","","","","","","","","","","","","15"
"","","","","","","","","","","","","16"
"","","","","","","","","","","","","5"
"","","","","","","","","","","","","76"
"","","","","","","","","","","","","71"
"","","","","","","","","","","","","75"
"","","","","","","","","","","","","74"
"","","","","","","","","","","","","90"
"","","","","","","","","","","","","88"
"","","","","","","","","","","","","87"
"","","","","","","","","","","","502004","51"
"","","","","","","","","","","","","78"
"","","","","","","","","","","","","89"
"","","","","","","","","","","","","52"
"","","","","","","","","","","","","79"
"","","","","","","","","","","","","44"
"","","","","","","","","","","","","73"
"","","","","","","","","","","","","72"
"","","","","","","","","","","","","8"
"","","","","","","","","","","","","36"
"","","","","","","","","","","","","13"
"","","","","","","","","","","","","43"
"","","","","","","","","","","","","28"
"","","","","","","","","","","","","34"
"","","","","","","","","","","","","85"
"","","","","","","","","","","","","37"
"","","","","","","","","","","","","42"
"","","","","","","","","","","","","41"
"","","","","","","","","","","","","29"
"","","","","","","","","","","","","33"
"","","","","","","","","","","","","38"
"","","","","","","","","","","","","95"
"","","","","","","","","","","","","12"
"","","","","","","","","","","","","32"
"","","","","","","","","","","","","54"
"","","","","","","","","","","","","27"
"","","","","","","","","","","","","40"
"","","","","","","","","","","","","39"
"","","","","","","","","","","","","92"
"","Price Difference ","","","Cost of Revenue","","","Paint_စက်ရုံ_1.2.2025","56869","True","96","","1"
"","","","","","","","","","","","","2"
"","","","","","","","","","","","","10"
"","","","","","","","","","","","","11"
"","","","","","","","","","","","","3"
"","","","","","","","","","","","","14"
"","","","","","","","","","","","","9"
"","","","","","","","","","","","","45"
"","","","","","","","","","","","","35"
"","","","","","","","","","","","","47"
"","","","","","","","","","","","","108"
"","","","","","","","","","","","","70"
"","","","","","","","","","","","","99"
"","","","","","","","","","","","","103"
"","","","","","","","","","","","","100"
"","","","","","","","","","","","","107"
"","","","","","","","","","","","","112"
"","","","","","","","","","","","","113"
"","","","","","","","","","","","","119"
"","","","","","","","","","","","","102"
"","","","","","","","","","","","","122"
"","","","","","","","","","","","","120"
"","","","","","","","","","","","","101"
"","","","","","","","","","","","","105"
"","","","","","","","","","","","502004","96"
"","","","","","","","","","","","","118"
"","","","","","","","","","","","","97"
"","","","","","","","","","","","","115"
"","","","","","","","","","","","","110"
"","","","","","","","","","","","","116"
"","","","","","","","","","","","","106"
"","","","","","","","","","","","","121"
"","","","","","","","","","","","","114"
"","","","","","","","","","","","","111"
"","","","","","","","","","","","","117"
"","","","","","","","","","","","","98"
"","","","","","","","","","","","","104"
"","","","","","","","","","","","","109"
"","","","","","","","","","","","","7"
"","","","","","","","","","","","","6"
"","","","","","","","","","","","","31"
"","","","","","","","","","","","","26"
"","","","","","","","","","","","","46"
"","","","","","","","","","","","","84"
"","","","","","","","","","","","","50"
"","","","","","","","","","","","","86"
"","","","","","","","","","","","","65"
"","","","","","","","","","","","","80"
"","","","","","","","","","","","","49"
"","","","","","","","","","","","","66"
"","","","","","","","","","","","","64"
"","","","","","","","","","","","","56"
"","","","","","","","","","","","","57"
"","","","","","","","","","","","","67"
"","","","","","","","","","","","","59"
"","","","","","","","","","","","","68"
"","","","","","","","","","","","","55"
"","","","","","","","","","","","","58"
"","","","","","","","","","","","","69"
"","","","","","","","","","","","","60"
"","","","","","","","","","","","","62"
"","","","","","","","","","","","","61"
"","","","","","","","","","","","","81"
"","","","","","","","","","","","","83"
"","","","","","","","","","","","","93"
"","","","","","","","","","","","","63"
"","","","","","","","","","","","","82"
"","","","","","","","","","","","","94"
"","","","","","","","","","","","","91"
"","","","","","","","","","","","","48"
"","","","","","","","","","","","","77"
"","","","","","","","","","","","","4"
"","","","","","","","","","","","","18"
"","","","","","","","","","","","","17"
"","","","","","","","","","","","","15"
"","","","","","","","","","","","","16"
"","","","","","","","","","","","","5"
"","","","","","","","","","","","","76"
"","","","","","","","","","","","","71"
"","","","","","","","","","","","","75"
"","","","","","","","","","","","","74"
"","","","","","","","","","","","","90"
"","","","","","","","","","","","","88"
"","","","","","","","","","","","","87"
"","","","","","","","","","","","","51"
"","","","","","","","","","","","","78"
"","","","","","","","","","","","","89"
"","","","","","","","","","","","","52"
"","","","","","","","","","","","","79"
"","","","","","","","","","","","","44"
"","","","","","","","","","","","","73"
"","","","","","","","","","","","","72"
"","","","","","","","","","","","","8"
"","","","","","","","","","","","","36"
"","","","","","","","","","","","","13"
"","","","","","","","","","","","","43"
"","","","","","","","","","","","","28"
"","","","","","","","","","","","","34"
"","","","","","","","","","","","","85"
"","","","","","","","","","","","","37"
"","","","","","","","","","","","","42"
"","","","","","","","","","","","","41"
"","","","","","","","","","","","","29"
"","","","","","","","","","","","","33"
"","","","","","","","","","","","","38"
"","","","","","","","","","","","","95"
"","","","","","","","","","","","","12"
"","","","","","","","","","","","","32"
"","","","","","","","","","","","","54"
"","","","","","","","","","","","","27"
"","","","","","","","","","","","","40"
"","","","","","","","","","","","","39"
"","","","","","","","","","","","","92"
"","Price Difference ","","","Cost of Revenue","","","Popular Online(1.11.23)","51637","True","89","","1"
"","","","","","","","","","","","","2"
"","","","","","","","","","","","","10"
"","","","","","","","","","","","","11"
"","","","","","","","","","","","","3"
"","","","","","","","","","","","","14"
"","","","","","","","","","","","","9"
"","","","","","","","","","","","","45"
"","","","","","","","","","","","","35"
"","","","","","","","","","","","","47"
"","","","","","","","","","","","","108"
"","","","","","","","","","","","","70"
"","","","","","","","","","","","","99"
"","","","","","","","","","","","","103"
"","","","","","","","","","","","","100"
"","","","","","","","","","","","","107"
"","","","","","","","","","","","","112"
"","","","","","","","","","","","","113"
"","","","","","","","","","","","","119"
"","","","","","","","","","","","","102"
"","","","","","","","","","","","","122"
"","","","","","","","","","","","","120"
"","","","","","","","","","","","","101"
"","","","","","","","","","","","","105"
"","","","","","","","","","","","","96"
"","","","","","","","","","","","","118"
"","","","","","","","","","","","","97"
"","","","","","","","","","","","","115"
"","","","","","","","","","","","","110"
"","","","","","","","","","","","","116"
"","","","","","","","","","","","","106"
"","","","","","","","","","","","","121"
"","","","","","","","","","","","","114"
"","","","","","","","","","","","","111"
"","","","","","","","","","","","","117"
"","","","","","","","","","","","","98"
"","","","","","","","","","","","","104"
"","","","","","","","","","","","","109"
"","","","","","","","","","","","","7"
"","","","","","","","","","","","","6"
"","","","","","","","","","","","","31"
"","","","","","","","","","","","","26"
"","","","","","","","","","","","","46"
"","","","","","","","","","","","","84"
"","","","","","","","","","","","","50"
"","","","","","","","","","","","","86"
"","","","","","","","","","","","","65"
"","","","","","","","","","","","","80"
"","","","","","","","","","","","","49"
"","","","","","","","","","","","","66"
"","","","","","","","","","","","","64"
"","","","","","","","","","","","","56"
"","","","","","","","","","","","","57"
"","","","","","","","","","","","","67"
"","","","","","","","","","","","","59"
"","","","","","","","","","","","","68"
"","","","","","","","","","","","","55"
"","","","","","","","","","","","","58"
"","","","","","","","","","","","","69"
"","","","","","","","","","","","","60"
"","","","","","","","","","","","","62"
"","","","","","","","","","","","","61"
"","","","","","","","","","","","","81"
"","","","","","","","","","","","","83"
"","","","","","","","","","","","","93"
"","","","","","","","","","","","","63"
"","","","","","","","","","","","","82"
"","","","","","","","","","","","","94"
"","","","","","","","","","","","","91"
"","","","","","","","","","","","","48"
"","","","","","","","","","","","","77"
"","","","","","","","","","","","","4"
"","","","","","","","","","","","","18"
"","","","","","","","","","","","","17"
"","","","","","","","","","","","","15"
"","","","","","","","","","","","","16"
"","","","","","","","","","","","","5"
"","","","","","","","","","","","","76"
"","","","","","","","","","","","","71"
"","","","","","","","","","","","","75"
"","","","","","","","","","","","","74"
"","","","","","","","","","","","","90"
"","","","","","","","","","","","","88"
"","","","","","","","","","","","","87"
"","","","","","","","","","","","","51"
"","","","","","","","","","","","","78"
"","","","","","","","","","","","502004","89"
"","","","","","","","","","","","","52"
"","","","","","","","","","","","","79"
"","","","","","","","","","","","","44"
"","","","","","","","","","","","","73"
"","","","","","","","","","","","","72"
"","","","","","","","","","","","","8"
"","","","","","","","","","","","","36"
"","","","","","","","","","","","","13"
"","","","","","","","","","","","","43"
"","","","","","","","","","","","","28"
"","","","","","","","","","","","","34"
"","","","","","","","","","","","","85"
"","","","","","","","","","","","","37"
"","","","","","","","","","","","","42"
"","","","","","","","","","","","","41"
"","","","","","","","","","","","","29"
"","","","","","","","","","","","","33"
"","","","","","","","","","","","","38"
"","","","","","","","","","","","","95"
"","","","","","","","","","","","","12"
"","","","","","","","","","","","","32"
"","","","","","","","","","","","","54"
"","","","","","","","","","","","","27"
"","","","","","","","","","","","","40"
"","","","","","","","","","","","","39"
"","","","","","","","","","","","","92"
"","Price Different","","Admin & Selling Exp;","Expenses","","","Popular Plastic Group","77250","True","118","","1"
"","","","","","","","","","","","","2"
"","","","","","","","","","","","","10"
"","","","","","","","","","","","","11"
"","","","","","","","","","","","","3"
"","","","","","","","","","","","","14"
"","","","","","","","","","","","","9"
"","","","","","","","","","","","","45"
"","","","","","","","","","","","","35"
"","","","","","","","","","","","","47"
"","","","","","","","","","","","","108"
"","","","","","","","","","","","","70"
"","","","","","","","","","","","","99"
"","","","","","","","","","","","","103"
"","","","","","","","","","","","","100"
"","","","","","","","","","","","","107"
"","","","","","","","","","","","","112"
"","","","","","","","","","","","","113"
"","","","","","","","","","","","","119"
"","","","","","","","","","","","","102"
"","","","","","","","","","","","","122"
"","","","","","","","","","","","","120"
"","","","","","","","","","","","","101"
"","","","","","","","","","","","","105"
"","","","","","","","","","","","","96"
"","","","","","","","","","","","502004","118"
"","","","","","","","","","","","","97"
"","","","","","","","","","","","","115"
"","","","","","","","","","","","","110"
"","","","","","","","","","","","","116"
"","","","","","","","","","","","","106"
"","","","","","","","","","","","","121"
"","","","","","","","","","","","","114"
"","","","","","","","","","","","","111"
"","","","","","","","","","","","","117"
"","","","","","","","","","","","","98"
"","","","","","","","","","","","","104"
"","","","","","","","","","","","","109"
"","","","","","","","","","","","","7"
"","","","","","","","","","","","","6"
"","","","","","","","","","","","","31"
"","","","","","","","","","","","","26"
"","","","","","","","","","","","","46"
"","","","","","","","","","","","","84"
"","","","","","","","","","","","","50"
"","","","","","","","","","","","","86"
"","","","","","","","","","","","","65"
"","","","","","","","","","","","","80"
"","","","","","","","","","","","","49"
"","","","","","","","","","","","","66"
"","","","","","","","","","","","","64"
"","","","","","","","","","","","","56"
"","","","","","","","","","","","","57"
"","","","","","","","","","","","","67"
"","","","","","","","","","","","","59"
"","","","","","","","","","","","","68"
"","","","","","","","","","","","","55"
"","","","","","","","","","","","","58"
"","","","","","","","","","","","","69"
"","","","","","","","","","","","","60"
"","","","","","","","","","","","","62"
"","","","","","","","","","","","","61"
"","","","","","","","","","","","","81"
"","","","","","","","","","","","","83"
"","","","","","","","","","","","","93"
"","","","","","","","","","","","","63"
"","","","","","","","","","","","","82"
"","","","","","","","","","","","","94"
"","","","","","","","","","","","","91"
"","","","","","","","","","","","","48"
"","","","","","","","","","","","","77"
"","","","","","","","","","","","","4"
"","","","","","","","","","","","","18"
"","","","","","","","","","","","","17"
"","","","","","","","","","","","","15"
"","","","","","","","","","","","","16"
"","","","","","","","","","","","","5"
"","","","","","","","","","","","","76"
"","","","","","","","","","","","","71"
"","","","","","","","","","","","","75"
"","","","","","","","","","","","","74"
"","","","","","","","","","","","","90"
"","","","","","","","","","","","","88"
"","","","","","","","","","","","","87"
"","","","","","","","","","","","","51"
"","","","","","","","","","","","","78"
"","","","","","","","","","","","","89"
"","","","","","","","","","","","","52"
"","","","","","","","","","","","","79"
"","","","","","","","","","","","","44"
"","","","","","","","","","","","","73"
"","","","","","","","","","","","","72"
"","","","","","","","","","","","","8"
"","","","","","","","","","","","","36"
"","","","","","","","","","","","","13"
"","","","","","","","","","","","","43"
"","","","","","","","","","","","","28"
"","","","","","","","","","","","","34"
"","","","","","","","","","","","","85"
"","","","","","","","","","","","","37"
"","","","","","","","","","","","","42"
"","","","","","","","","","","","","41"
"","","","","","","","","","","","","29"
"","","","","","","","","","","","","33"
"","","","","","","","","","","","","38"
"","","","","","","","","","","","","95"
"","","","","","","","","","","","","12"
"","","","","","","","","","","","","32"
"","","","","","","","","","","","","54"
"","","","","","","","","","","","","27"
"","","","","","","","","","","","","40"
"","","","","","","","","","","","","39"
"","","","","","","","","","","","","92"
"","Price Difference ","","","Expenses","","","SG Industry (Old)","7959","True","44","","1"
"","","","","","","","","","","","","2"
"","","","","","","","","","","","","10"
"","","","","","","","","","","","","11"
"","","","","","","","","","","","","3"
"","","","","","","","","","","","","14"
"","","","","","","","","","","","","9"
"","","","","","","","","","","","","45"
"","","","","","","","","","","","","35"
"","","","","","","","","","","","","47"
"","","","","","","","","","","","","108"
"","","","","","","","","","","","","70"
"","","","","","","","","","","","","99"
"","","","","","","","","","","","","103"
"","","","","","","","","","","","","100"
"","","","","","","","","","","","","107"
"","","","","","","","","","","","","112"
"","","","","","","","","","","","","113"
"","","","","","","","","","","","","119"
"","","","","","","","","","","","","102"
"","","","","","","","","","","","","122"
"","","","","","","","","","","","","120"
"","","","","","","","","","","","","101"
"","","","","","","","","","","","","105"
"","","","","","","","","","","","","96"
"","","","","","","","","","","","","118"
"","","","","","","","","","","","","97"
"","","","","","","","","","","","","115"
"","","","","","","","","","","","","110"
"","","","","","","","","","","","","116"
"","","","","","","","","","","","","106"
"","","","","","","","","","","","","121"
"","","","","","","","","","","","","114"
"","","","","","","","","","","","","111"
"","","","","","","","","","","","","117"
"","","","","","","","","","","","","98"
"","","","","","","","","","","","","104"
"","","","","","","","","","","","","109"
"","","","","","","","","","","","","7"
"","","","","","","","","","","","","6"
"","","","","","","","","","","","","31"
"","","","","","","","","","","","","26"
"","","","","","","","","","","","","46"
"","","","","","","","","","","","","84"
"","","","","","","","","","","","","50"
"","","","","","","","","","","","","86"
"","","","","","","","","","","","","65"
"","","","","","","","","","","","","80"
"","","","","","","","","","","","","49"
"","","","","","","","","","","","","66"
"","","","","","","","","","","","","64"
"","","","","","","","","","","","","56"
"","","","","","","","","","","","","57"
"","","","","","","","","","","","","67"
"","","","","","","","","","","","","59"
"","","","","","","","","","","","","68"
"","","","","","","","","","","","","55"
"","","","","","","","","","","","","58"
"","","","","","","","","","","","","69"
"","","","","","","","","","","","","60"
"","","","","","","","","","","","","62"
"","","","","","","","","","","","","61"
"","","","","","","","","","","","","81"
"","","","","","","","","","","","","83"
"","","","","","","","","","","","","93"
"","","","","","","","","","","","","63"
"","","","","","","","","","","","","82"
"","","","","","","","","","","","","94"
"","","","","","","","","","","","","91"
"","","","","","","","","","","","","48"
"","","","","","","","","","","","","77"
"","","","","","","","","","","","","4"
"","","","","","","","","","","","","18"
"","","","","","","","","","","","","17"
"","","","","","","","","","","","","15"
"","","","","","","","","","","","","16"
"","","","","","","","","","","","","5"
"","","","","","","","","","","","","76"
"","","","","","","","","","","","","71"
"","","","","","","","","","","","","75"
"","","","","","","","","","","","","74"
"","","","","","","","","","","","","90"
"","","","","","","","","","","","","88"
"","","","","","","","","","","","","87"
"","","","","","","","","","","","","51"
"","","","","","","","","","","","","78"
"","","","","","","","","","","","","89"
"","","","","","","","","","","","","52"
"","","","","","","","","","","","","79"
"","","","","","","","","","","","502004","44"
"","","","","","","","","","","","","73"
"","","","","","","","","","","","","72"
"","","","","","","","","","","","","8"
"","","","","","","","","","","","","36"
"","","","","","","","","","","","","13"
"","","","","","","","","","","","","43"
"","","","","","","","","","","","","28"
"","","","","","","","","","","","","34"
"","","","","","","","","","","","","85"
"","","","","","","","","","","","","37"
"","","","","","","","","","","","","42"
"","","","","","","","","","","","","41"
"","","","","","","","","","","","","29"
"","","","","","","","","","","","","33"
"","","","","","","","","","","","","38"
"","","","","","","","","","","","","95"
"","","","","","","","","","","","","12"
"","","","","","","","","","","","","32"
"","","","","","","","","","","","","54"
"","","","","","","","","","","","","27"
"","","","","","","","","","","","","40"
"","","","","","","","","","","","","39"
"","","","","","","","","","","","","92"
"","Price Difference ","","","Expenses","","","Sanitary Industry (1.11.22)","37549","True","73","","1"
"","","","","","","","","","","","","2"
"","","","","","","","","","","","","10"
"","","","","","","","","","","","","11"
"","","","","","","","","","","","","3"
"","","","","","","","","","","","","14"
"","","","","","","","","","","","","9"
"","","","","","","","","","","","","45"
"","","","","","","","","","","","","35"
"","","","","","","","","","","","","47"
"","","","","","","","","","","","","108"
"","","","","","","","","","","","","70"
"","","","","","","","","","","","","99"
"","","","","","","","","","","","","103"
"","","","","","","","","","","","","100"
"","","","","","","","","","","","","107"
"","","","","","","","","","","","","112"
"","","","","","","","","","","","","113"
"","","","","","","","","","","","","119"
"","","","","","","","","","","","","102"
"","","","","","","","","","","","","122"
"","","","","","","","","","","","","120"
"","","","","","","","","","","","","101"
"","","","","","","","","","","","","105"
"","","","","","","","","","","","","96"
"","","","","","","","","","","","","118"
"","","","","","","","","","","","","97"
"","","","","","","","","","","","","115"
"","","","","","","","","","","","","110"
"","","","","","","","","","","","","116"
"","","","","","","","","","","","","106"
"","","","","","","","","","","","","121"
"","","","","","","","","","","","","114"
"","","","","","","","","","","","","111"
"","","","","","","","","","","","","117"
"","","","","","","","","","","","","98"
"","","","","","","","","","","","","104"
"","","","","","","","","","","","","109"
"","","","","","","","","","","","","7"
"","","","","","","","","","","","","6"
"","","","","","","","","","","","","31"
"","","","","","","","","","","","","26"
"","","","","","","","","","","","","46"
"","","","","","","","","","","","","84"
"","","","","","","","","","","","","50"
"","","","","","","","","","","","","86"
"","","","","","","","","","","","","65"
"","","","","","","","","","","","","80"
"","","","","","","","","","","","","49"
"","","","","","","","","","","","","66"
"","","","","","","","","","","","","64"
"","","","","","","","","","","","","56"
"","","","","","","","","","","","","57"
"","","","","","","","","","","","","67"
"","","","","","","","","","","","","59"
"","","","","","","","","","","","","68"
"","","","","","","","","","","","","55"
"","","","","","","","","","","","","58"
"","","","","","","","","","","","","69"
"","","","","","","","","","","","","60"
"","","","","","","","","","","","","62"
"","","","","","","","","","","","","61"
"","","","","","","","","","","","","81"
"","","","","","","","","","","","","83"
"","","","","","","","","","","","","93"
"","","","","","","","","","","","","63"
"","","","","","","","","","","","","82"
"","","","","","","","","","","","","94"
"","","","","","","","","","","","","91"
"","","","","","","","","","","","","48"
"","","","","","","","","","","","","77"
"","","","","","","","","","","","","4"
"","","","","","","","","","","","","18"
"","","","","","","","","","","","","17"
"","","","","","","","","","","","","15"
"","","","","","","","","","","","","16"
"","","","","","","","","","","","","5"
"","","","","","","","","","","","","76"
"","","","","","","","","","","","","71"
"","","","","","","","","","","","","75"
"","","","","","","","","","","","","74"
"","","","","","","","","","","","","90"
"","","","","","","","","","","","","88"
"","","","","","","","","","","","","87"
"","","","","","","","","","","","","51"
"","","","","","","","","","","","","78"
"","","","","","","","","","","","","89"
"","","","","","","","","","","","","52"
"","","","","","","","","","","","","79"
"","","","","","","","","","","","","44"
"","","","","","","","","","","","502004","73"
"","","","","","","","","","","","","72"
"","","","","","","","","","","","","8"
"","","","","","","","","","","","","36"
"","","","","","","","","","","","","13"
"","","","","","","","","","","","","43"
"","","","","","","","","","","","","28"
"","","","","","","","","","","","","34"
"","","","","","","","","","","","","85"
"","","","","","","","","","","","","37"
"","","","","","","","","","","","","42"
"","","","","","","","","","","","","41"
"","","","","","","","","","","","","29"
"","","","","","","","","","","","","33"
"","","","","","","","","","","","","38"
"","","","","","","","","","","","","95"
"","","","","","","","","","","","","12"
"","","","","","","","","","","","","32"
"","","","","","","","","","","","","54"
"","","","","","","","","","","","","27"
"","","","","","","","","","","","","40"
"","","","","","","","","","","","","39"
"","","","","","","","","","","","","92"
"","Price Difference ","","","Expenses","","","Steel Myaung Ta Kar Industry (1.11.22)","37660","True","72","","1"
"","","","","","","","","","","","","2"
"","","","","","","","","","","","","10"
"","","","","","","","","","","","","11"
"","","","","","","","","","","","","3"
"","","","","","","","","","","","","14"
"","","","","","","","","","","","","9"
"","","","","","","","","","","","","45"
"","","","","","","","","","","","","35"
"","","","","","","","","","","","","47"
"","","","","","","","","","","","","108"
"","","","","","","","","","","","","70"
"","","","","","","","","","","","","99"
"","","","","","","","","","","","","103"
"","","","","","","","","","","","","100"
"","","","","","","","","","","","","107"
"","","","","","","","","","","","","112"
"","","","","","","","","","","","","113"
"","","","","","","","","","","","","119"
"","","","","","","","","","","","","102"
"","","","","","","","","","","","","122"
"","","","","","","","","","","","","120"
"","","","","","","","","","","","","101"
"","","","","","","","","","","","","105"
"","","","","","","","","","","","","96"
"","","","","","","","","","","","","118"
"","","","","","","","","","","","","97"
"","","","","","","","","","","","","115"
"","","","","","","","","","","","","110"
"","","","","","","","","","","","","116"
"","","","","","","","","","","","","106"
"","","","","","","","","","","","","121"
"","","","","","","","","","","","","114"
"","","","","","","","","","","","","111"
"","","","","","","","","","","","","117"
"","","","","","","","","","","","","98"
"","","","","","","","","","","","","104"
"","","","","","","","","","","","","109"
"","","","","","","","","","","","","7"
"","","","","","","","","","","","","6"
"","","","","","","","","","","","","31"
"","","","","","","","","","","","","26"
"","","","","","","","","","","","","46"
"","","","","","","","","","","","","84"
"","","","","","","","","","","","","50"
"","","","","","","","","","","","","86"
"","","","","","","","","","","","","65"
"","","","","","","","","","","","","80"
"","","","","","","","","","","","","49"
"","","","","","","","","","","","","66"
"","","","","","","","","","","","","64"
"","","","","","","","","","","","","56"
"","","","","","","","","","","","","57"
"","","","","","","","","","","","","67"
"","","","","","","","","","","","","59"
"","","","","","","","","","","","","68"
"","","","","","","","","","","","","55"
"","","","","","","","","","","","","58"
"","","","","","","","","","","","","69"
"","","","","","","","","","","","","60"
"","","","","","","","","","","","","62"
"","","","","","","","","","","","","61"
"","","","","","","","","","","","","81"
"","","","","","","","","","","","","83"
"","","","","","","","","","","","","93"
"","","","","","","","","","","","","63"
"","","","","","","","","","","","","82"
"","","","","","","","","","","","","94"
"","","","","","","","","","","","","91"
"","","","","","","","","","","","","48"
"","","","","","","","","","","","","77"
"","","","","","","","","","","","","4"
"","","","","","","","","","","","","18"
"","","","","","","","","","","","","17"
"","","","","","","","","","","","","15"
"","","","","","","","","","","","","16"
"","","","","","","","","","","","","5"
"","","","","","","","","","","","","76"
"","","","","","","","","","","","","71"
"","","","","","","","","","","","","75"
"","","","","","","","","","","","","74"
"","","","","","","","","","","","","90"
"","","","","","","","","","","","","88"
"","","","","","","","","","","","","87"
"","","","","","","","","","","","","51"
"","","","","","","","","","","","","78"
"","","","","","","","","","","","","89"
"","","","","","","","","","","","","52"
"","","","","","","","","","","","","79"
"","","","","","","","","","","","","44"
"","","","","","","","","","","","","73"
"","","","","","","","","","","","502004","72"
"","","","","","","","","","","","","8"
"","","","","","","","","","","","","36"
"","","","","","","","","","","","","13"
"","","","","","","","","","","","","43"
"","","","","","","","","","","","","28"
"","","","","","","","","","","","","34"
"","","","","","","","","","","","","85"
"","","","","","","","","","","","","37"
"","","","","","","","","","","","","42"
"","","","","","","","","","","","","41"
"","","","","","","","","","","","","29"
"","","","","","","","","","","","","33"
"","","","","","","","","","","","","38"
"","","","","","","","","","","","","95"
"","","","","","","","","","","","","12"
"","","","","","","","","","","","","32"
"","","","","","","","","","","","","54"
"","","","","","","","","","","","","27"
"","","","","","","","","","","","","40"
"","","","","","","","","","","","","39"
"","","","","","","","","","","","","92"
"","Price Difference ","","","Expenses","","","Super Market Sale Com (1.9.21)","2021","True","8","","1"
"","","","","","","","","","","","","2"
"","","","","","","","","","","","","10"
"","","","","","","","","","","","","11"
"","","","","","","","","","","","","3"
"","","","","","","","","","","","","14"
"","","","","","","","","","","","","9"
"","","","","","","","","","","","","45"
"","","","","","","","","","","","","35"
"","","","","","","","","","","","","47"
"","","","","","","","","","","","","108"
"","","","","","","","","","","","","70"
"","","","","","","","","","","","","99"
"","","","","","","","","","","","","103"
"","","","","","","","","","","","","100"
"","","","","","","","","","","","","107"
"","","","","","","","","","","","","112"
"","","","","","","","","","","","","113"
"","","","","","","","","","","","","119"
"","","","","","","","","","","","","102"
"","","","","","","","","","","","","122"
"","","","","","","","","","","","","120"
"","","","","","","","","","","","","101"
"","","","","","","","","","","","","105"
"","","","","","","","","","","","","96"
"","","","","","","","","","","","","118"
"","","","","","","","","","","","","97"
"","","","","","","","","","","","","115"
"","","","","","","","","","","","","110"
"","","","","","","","","","","","","116"
"","","","","","","","","","","","","106"
"","","","","","","","","","","","","121"
"","","","","","","","","","","","","114"
"","","","","","","","","","","","","111"
"","","","","","","","","","","","","117"
"","","","","","","","","","","","","98"
"","","","","","","","","","","","","104"
"","","","","","","","","","","","","109"
"","","","","","","","","","","","","7"
"","","","","","","","","","","","","6"
"","","","","","","","","","","","","31"
"","","","","","","","","","","","","26"
"","","","","","","","","","","","","46"
"","","","","","","","","","","","","84"
"","","","","","","","","","","","","50"
"","","","","","","","","","","","","86"
"","","","","","","","","","","","","65"
"","","","","","","","","","","","","80"
"","","","","","","","","","","","","49"
"","","","","","","","","","","","","66"
"","","","","","","","","","","","","64"
"","","","","","","","","","","","","56"
"","","","","","","","","","","","","57"
"","","","","","","","","","","","","67"
"","","","","","","","","","","","","59"
"","","","","","","","","","","","","68"
"","","","","","","","","","","","","55"
"","","","","","","","","","","","","58"
"","","","","","","","","","","","","69"
"","","","","","","","","","","","","60"
"","","","","","","","","","","","","62"
"","","","","","","","","","","","","61"
"","","","","","","","","","","","","81"
"","","","","","","","","","","","","83"
"","","","","","","","","","","","","93"
"","","","","","","","","","","","","63"
"","","","","","","","","","","","","82"
"","","","","","","","","","","","","94"
"","","","","","","","","","","","","91"
"","","","","","","","","","","","","48"
"","","","","","","","","","","","","77"
"","","","","","","","","","","","","4"
"","","","","","","","","","","","","18"
"","","","","","","","","","","","","17"
"","","","","","","","","","","","","15"
"","","","","","","","","","","","","16"
"","","","","","","","","","","","","5"
"","","","","","","","","","","","","76"
"","","","","","","","","","","","","71"
"","","","","","","","","","","","","75"
"","","","","","","","","","","","","74"
"","","","","","","","","","","","","90"
"","","","","","","","","","","","","88"
"","","","","","","","","","","","","87"
"","","","","","","","","","","","","51"
"","","","","","","","","","","","","78"
"","","","","","","","","","","","","89"
"","","","","","","","","","","","","52"
"","","","","","","","","","","","","79"
"","","","","","","","","","","","","44"
"","","","","","","","","","","","","73"
"","","","","","","","","","","","","72"
"","","","","","","","","","","","502004","8"
"","","","","","","","","","","","","36"
"","","","","","","","","","","","","13"
"","","","","","","","","","","","","43"
"","","","","","","","","","","","","28"
"","","","","","","","","","","","","34"
"","","","","","","","","","","","","85"
"","","","","","","","","","","","","37"
"","","","","","","","","","","","","42"
"","","","","","","","","","","","","41"
"","","","","","","","","","","","","29"
"","","","","","","","","","","","","33"
"","","","","","","","","","","","","38"
"","","","","","","","","","","","","95"
"","","","","","","","","","","","","12"
"","","","","","","","","","","","","32"
"","","","","","","","","","","","","54"
"","","","","","","","","","","","","27"
"","","","","","","","","","","","","40"
"","","","","","","","","","","","","39"
"","","","","","","","","","","","","92"
"","Price Difference ","","","Expenses","","","TSEZ  သီလဝါစက်ရုံ (1.10.21)","6470","True","36","","1"
"","","","","","","","","","","","","2"
"","","","","","","","","","","","","10"
"","","","","","","","","","","","","11"
"","","","","","","","","","","","","3"
"","","","","","","","","","","","","14"
"","","","","","","","","","","","","9"
"","","","","","","","","","","","","45"
"","","","","","","","","","","","","35"
"","","","","","","","","","","","","47"
"","","","","","","","","","","","","108"
"","","","","","","","","","","","","70"
"","","","","","","","","","","","","99"
"","","","","","","","","","","","","103"
"","","","","","","","","","","","","100"
"","","","","","","","","","","","","107"
"","","","","","","","","","","","","112"
"","","","","","","","","","","","","113"
"","","","","","","","","","","","","119"
"","","","","","","","","","","","","102"
"","","","","","","","","","","","","122"
"","","","","","","","","","","","","120"
"","","","","","","","","","","","","101"
"","","","","","","","","","","","","105"
"","","","","","","","","","","","","96"
"","","","","","","","","","","","","118"
"","","","","","","","","","","","","97"
"","","","","","","","","","","","","115"
"","","","","","","","","","","","","110"
"","","","","","","","","","","","","116"
"","","","","","","","","","","","","106"
"","","","","","","","","","","","","121"
"","","","","","","","","","","","","114"
"","","","","","","","","","","","","111"
"","","","","","","","","","","","","117"
"","","","","","","","","","","","","98"
"","","","","","","","","","","","","104"
"","","","","","","","","","","","","109"
"","","","","","","","","","","","","7"
"","","","","","","","","","","","","6"
"","","","","","","","","","","","","31"
"","","","","","","","","","","","","26"
"","","","","","","","","","","","","46"
"","","","","","","","","","","","","84"
"","","","","","","","","","","","","50"
"","","","","","","","","","","","","86"
"","","","","","","","","","","","","65"
"","","","","","","","","","","","","80"
"","","","","","","","","","","","","49"
"","","","","","","","","","","","","66"
"","","","","","","","","","","","","64"
"","","","","","","","","","","","","56"
"","","","","","","","","","","","","57"
"","","","","","","","","","","","","67"
"","","","","","","","","","","","","59"
"","","","","","","","","","","","","68"
"","","","","","","","","","","","","55"
"","","","","","","","","","","","","58"
"","","","","","","","","","","","","69"
"","","","","","","","","","","","","60"
"","","","","","","","","","","","","62"
"","","","","","","","","","","","","61"
"","","","","","","","","","","","","81"
"","","","","","","","","","","","","83"
"","","","","","","","","","","","","93"
"","","","","","","","","","","","","63"
"","","","","","","","","","","","","82"
"","","","","","","","","","","","","94"
"","","","","","","","","","","","","91"
"","","","","","","","","","","","","48"
"","","","","","","","","","","","","77"
"","","","","","","","","","","","","4"
"","","","","","","","","","","","","18"
"","","","","","","","","","","","","17"
"","","","","","","","","","","","","15"
"","","","","","","","","","","","","16"
"","","","","","","","","","","","","5"
"","","","","","","","","","","","","76"
"","","","","","","","","","","","","71"
"","","","","","","","","","","","","75"
"","","","","","","","","","","","","74"
"","","","","","","","","","","","","90"
"","","","","","","","","","","","","88"
"","","","","","","","","","","","","87"
"","","","","","","","","","","","","51"
"","","","","","","","","","","","","78"
"","","","","","","","","","","","","89"
"","","","","","","","","","","","","52"
"","","","","","","","","","","","","79"
"","","","","","","","","","","","","44"
"","","","","","","","","","","","","73"
"","","","","","","","","","","","","72"
"","","","","","","","","","","","","8"
"","","","","","","","","","","","502004","36"
"","","","","","","","","","","","","13"
"","","","","","","","","","","","","43"
"","","","","","","","","","","","","28"
"","","","","","","","","","","","","34"
"","","","","","","","","","","","","85"
"","","","","","","","","","","","","37"
"","","","","","","","","","","","","42"
"","","","","","","","","","","","","41"
"","","","","","","","","","","","","29"
"","","","","","","","","","","","","33"
"","","","","","","","","","","","","38"
"","","","","","","","","","","","","95"
"","","","","","","","","","","","","12"
"","","","","","","","","","","","","32"
"","","","","","","","","","","","","54"
"","","","","","","","","","","","","27"
"","","","","","","","","","","","","40"
"","","","","","","","","","","","","39"
"","","","","","","","","","","","","92"
"","Price Difference ","","","Expenses","","","Test","2923","True","13","","1"
"","","","","","","","","","","","","2"
"","","","","","","","","","","","","10"
"","","","","","","","","","","","","11"
"","","","","","","","","","","","","3"
"","","","","","","","","","","","","14"
"","","","","","","","","","","","","9"
"","","","","","","","","","","","","45"
"","","","","","","","","","","","","35"
"","","","","","","","","","","","","47"
"","","","","","","","","","","","","108"
"","","","","","","","","","","","","70"
"","","","","","","","","","","","","99"
"","","","","","","","","","","","","103"
"","","","","","","","","","","","","100"
"","","","","","","","","","","","","107"
"","","","","","","","","","","","","112"
"","","","","","","","","","","","","113"
"","","","","","","","","","","","","119"
"","","","","","","","","","","","","102"
"","","","","","","","","","","","","122"
"","","","","","","","","","","","","120"
"","","","","","","","","","","","","101"
"","","","","","","","","","","","","105"
"","","","","","","","","","","","","96"
"","","","","","","","","","","","","118"
"","","","","","","","","","","","","97"
"","","","","","","","","","","","","115"
"","","","","","","","","","","","","110"
"","","","","","","","","","","","","116"
"","","","","","","","","","","","","106"
"","","","","","","","","","","","","121"
"","","","","","","","","","","","","114"
"","","","","","","","","","","","","111"
"","","","","","","","","","","","","117"
"","","","","","","","","","","","","98"
"","","","","","","","","","","","","104"
"","","","","","","","","","","","","109"
"","","","","","","","","","","","","7"
"","","","","","","","","","","","","6"
"","","","","","","","","","","","","31"
"","","","","","","","","","","","","26"
"","","","","","","","","","","","","46"
"","","","","","","","","","","","","84"
"","","","","","","","","","","","","50"
"","","","","","","","","","","","","86"
"","","","","","","","","","","","","65"
"","","","","","","","","","","","","80"
"","","","","","","","","","","","","49"
"","","","","","","","","","","","","66"
"","","","","","","","","","","","","64"
"","","","","","","","","","","","","56"
"","","","","","","","","","","","","57"
"","","","","","","","","","","","","67"
"","","","","","","","","","","","","59"
"","","","","","","","","","","","","68"
"","","","","","","","","","","","","55"
"","","","","","","","","","","","","58"
"","","","","","","","","","","","","69"
"","","","","","","","","","","","","60"
"","","","","","","","","","","","","62"
"","","","","","","","","","","","","61"
"","","","","","","","","","","","","81"
"","","","","","","","","","","","","83"
"","","","","","","","","","","","","93"
"","","","","","","","","","","","","63"
"","","","","","","","","","","","","82"
"","","","","","","","","","","","","94"
"","","","","","","","","","","","","91"
"","","","","","","","","","","","","48"
"","","","","","","","","","","","","77"
"","","","","","","","","","","","","4"
"","","","","","","","","","","","","18"
"","","","","","","","","","","","","17"
"","","","","","","","","","","","","15"
"","","","","","","","","","","","","16"
"","","","","","","","","","","","","5"
"","","","","","","","","","","","","76"
"","","","","","","","","","","","","71"
"","","","","","","","","","","","","75"
"","","","","","","","","","","","","74"
"","","","","","","","","","","","","90"
"","","","","","","","","","","","","88"
"","","","","","","","","","","","","87"
"","","","","","","","","","","","","51"
"","","","","","","","","","","","","78"
"","","","","","","","","","","","","89"
"","","","","","","","","","","","","52"
"","","","","","","","","","","","","79"
"","","","","","","","","","","","","44"
"","","","","","","","","","","","","73"
"","","","","","","","","","","","","72"
"","","","","","","","","","","","","8"
"","","","","","","","","","","","","36"
"","","","","","","","","","","","502004","13"
"","","","","","","","","","","","","43"
"","","","","","","","","","","","","28"
"","","","","","","","","","","","","34"
"","","","","","","","","","","","","85"
"","","","","","","","","","","","","37"
"","","","","","","","","","","","","42"
"","","","","","","","","","","","","41"
"","","","","","","","","","","","","29"
"","","","","","","","","","","","","33"
"","","","","","","","","","","","","38"
"","","","","","","","","","","","","95"
"","","","","","","","","","","","","12"
"","","","","","","","","","","","","32"
"","","","","","","","","","","","","54"
"","","","","","","","","","","","","27"
"","","","","","","","","","","","","40"
"","","","","","","","","","","","","39"
"","","","","","","","","","","","","92"
"","Price Difference ","","","Expenses","","","စစ်ကိုင်း Industry (1.11.21)","7706","True","43","","1"
"","","","","","","","","","","","","2"
"","","","","","","","","","","","","10"
"","","","","","","","","","","","","11"
"","","","","","","","","","","","","3"
"","","","","","","","","","","","","14"
"","","","","","","","","","","","","9"
"","","","","","","","","","","","","45"
"","","","","","","","","","","","","35"
"","","","","","","","","","","","","47"
"","","","","","","","","","","","","108"
"","","","","","","","","","","","","70"
"","","","","","","","","","","","","99"
"","","","","","","","","","","","","103"
"","","","","","","","","","","","","100"
"","","","","","","","","","","","","107"
"","","","","","","","","","","","","112"
"","","","","","","","","","","","","113"
"","","","","","","","","","","","","119"
"","","","","","","","","","","","","102"
"","","","","","","","","","","","","122"
"","","","","","","","","","","","","120"
"","","","","","","","","","","","","101"
"","","","","","","","","","","","","105"
"","","","","","","","","","","","","96"
"","","","","","","","","","","","","118"
"","","","","","","","","","","","","97"
"","","","","","","","","","","","","115"
"","","","","","","","","","","","","110"
"","","","","","","","","","","","","116"
"","","","","","","","","","","","","106"
"","","","","","","","","","","","","121"
"","","","","","","","","","","","","114"
"","","","","","","","","","","","","111"
"","","","","","","","","","","","","117"
"","","","","","","","","","","","","98"
"","","","","","","","","","","","","104"
"","","","","","","","","","","","","109"
"","","","","","","","","","","","","7"
"","","","","","","","","","","","","6"
"","","","","","","","","","","","","31"
"","","","","","","","","","","","","26"
"","","","","","","","","","","","","46"
"","","","","","","","","","","","","84"
"","","","","","","","","","","","","50"
"","","","","","","","","","","","","86"
"","","","","","","","","","","","","65"
"","","","","","","","","","","","","80"
"","","","","","","","","","","","","49"
"","","","","","","","","","","","","66"
"","","","","","","","","","","","","64"
"","","","","","","","","","","","","56"
"","","","","","","","","","","","","57"
"","","","","","","","","","","","","67"
"","","","","","","","","","","","","59"
"","","","","","","","","","","","","68"
"","","","","","","","","","","","","55"
"","","","","","","","","","","","","58"
"","","","","","","","","","","","","69"
"","","","","","","","","","","","","60"
"","","","","","","","","","","","","62"
"","","","","","","","","","","","","61"
"","","","","","","","","","","","","81"
"","","","","","","","","","","","","83"
"","","","","","","","","","","","","93"
"","","","","","","","","","","","","63"
"","","","","","","","","","","","","82"
"","","","","","","","","","","","","94"
"","","","","","","","","","","","","91"
"","","","","","","","","","","","","48"
"","","","","","","","","","","","","77"
"","","","","","","","","","","","","4"
"","","","","","","","","","","","","18"
"","","","","","","","","","","","","17"
"","","","","","","","","","","","","15"
"","","","","","","","","","","","","16"
"","","","","","","","","","","","","5"
"","","","","","","","","","","","","76"
"","","","","","","","","","","","","71"
"","","","","","","","","","","","","75"
"","","","","","","","","","","","","74"
"","","","","","","","","","","","","90"
"","","","","","","","","","","","","88"
"","","","","","","","","","","","","87"
"","","","","","","","","","","","","51"
"","","","","","","","","","","","","78"
"","","","","","","","","","","","","89"
"","","","","","","","","","","","","52"
"","","","","","","","","","","","","79"
"","","","","","","","","","","","","44"
"","","","","","","","","","","","","73"
"","","","","","","","","","","","","72"
"","","","","","","","","","","","","8"
"","","","","","","","","","","","","36"
"","","","","","","","","","","","","13"
"","","","","","","","","","","","502004","43"
"","","","","","","","","","","","","28"
"","","","","","","","","","","","","34"
"","","","","","","","","","","","","85"
"","","","","","","","","","","","","37"
"","","","","","","","","","","","","42"
"","","","","","","","","","","","","41"
"","","","","","","","","","","","","29"
"","","","","","","","","","","","","33"
"","","","","","","","","","","","","38"
"","","","","","","","","","","","","95"
"","","","","","","","","","","","","12"
"","","","","","","","","","","","","32"
"","","","","","","","","","","","","54"
"","","","","","","","","","","","","27"
"","","","","","","","","","","","","40"
"","","","","","","","","","","","","39"
"","","","","","","","","","","","","92"
"","Price Difference ","","Cost of Revenue","Cost of Revenue","","","စစ်ကိုင်း Showroom (1.10.21)","5869","True","28","","1"
"","","","","","","","","","","","","2"
"","","","","","","","","","","","","10"
"","","","","","","","","","","","","11"
"","","","","","","","","","","","","3"
"","","","","","","","","","","","","14"
"","","","","","","","","","","","","9"
"","","","","","","","","","","","","45"
"","","","","","","","","","","","","35"
"","","","","","","","","","","","","47"
"","","","","","","","","","","","","108"
"","","","","","","","","","","","","70"
"","","","","","","","","","","","","99"
"","","","","","","","","","","","","103"
"","","","","","","","","","","","","100"
"","","","","","","","","","","","","107"
"","","","","","","","","","","","","112"
"","","","","","","","","","","","","113"
"","","","","","","","","","","","","119"
"","","","","","","","","","","","","102"
"","","","","","","","","","","","","122"
"","","","","","","","","","","","","120"
"","","","","","","","","","","","","101"
"","","","","","","","","","","","","105"
"","","","","","","","","","","","","96"
"","","","","","","","","","","","","118"
"","","","","","","","","","","","","97"
"","","","","","","","","","","","","115"
"","","","","","","","","","","","","110"
"","","","","","","","","","","","","116"
"","","","","","","","","","","","","106"
"","","","","","","","","","","","","121"
"","","","","","","","","","","","","114"
"","","","","","","","","","","","","111"
"","","","","","","","","","","","","117"
"","","","","","","","","","","","","98"
"","","","","","","","","","","","","104"
"","","","","","","","","","","","","109"
"","","","","","","","","","","","","7"
"","","","","","","","","","","","","6"
"","","","","","","","","","","","","31"
"","","","","","","","","","","","","26"
"","","","","","","","","","","","","46"
"","","","","","","","","","","","","84"
"","","","","","","","","","","","","50"
"","","","","","","","","","","","","86"
"","","","","","","","","","","","","65"
"","","","","","","","","","","","","80"
"","","","","","","","","","","","","49"
"","","","","","","","","","","","","66"
"","","","","","","","","","","","","64"
"","","","","","","","","","","","","56"
"","","","","","","","","","","","","57"
"","","","","","","","","","","","","67"
"","","","","","","","","","","","","59"
"","","","","","","","","","","","","68"
"","","","","","","","","","","","","55"
"","","","","","","","","","","","","58"
"","","","","","","","","","","","","69"
"","","","","","","","","","","","","60"
"","","","","","","","","","","","","62"
"","","","","","","","","","","","","61"
"","","","","","","","","","","","","81"
"","","","","","","","","","","","","83"
"","","","","","","","","","","","","93"
"","","","","","","","","","","","","63"
"","","","","","","","","","","","","82"
"","","","","","","","","","","","","94"
"","","","","","","","","","","","","91"
"","","","","","","","","","","","","48"
"","","","","","","","","","","","","77"
"","","","","","","","","","","","","4"
"","","","","","","","","","","","","18"
"","","","","","","","","","","","","17"
"","","","","","","","","","","","","15"
"","","","","","","","","","","","","16"
"","","","","","","","","","","","","5"
"","","","","","","","","","","","","76"
"","","","","","","","","","","","","71"
"","","","","","","","","","","","","75"
"","","","","","","","","","","","","74"
"","","","","","","","","","","","","90"
"","","","","","","","","","","","","88"
"","","","","","","","","","","","","87"
"","","","","","","","","","","","","51"
"","","","","","","","","","","","","78"
"","","","","","","","","","","","","89"
"","","","","","","","","","","","","52"
"","","","","","","","","","","","","79"
"","","","","","","","","","","","","44"
"","","","","","","","","","","","","73"
"","","","","","","","","","","","","72"
"","","","","","","","","","","","","8"
"","","","","","","","","","","","","36"
"","","","","","","","","","","","","13"
"","","","","","","","","","","","","43"
"","","","","","","","","","","","502004","28"
"","","","","","","","","","","","","34"
"","","","","","","","","","","","","85"
"","","","","","","","","","","","","37"
"","","","","","","","","","","","","42"
"","","","","","","","","","","","","41"
"","","","","","","","","","","","","29"
"","","","","","","","","","","","","33"
"","","","","","","","","","","","","38"
"","","","","","","","","","","","","95"
"","","","","","","","","","","","","12"
"","","","","","","","","","","","","32"
"","","","","","","","","","","","","54"
"","","","","","","","","","","","","27"
"","","","","","","","","","","","","40"
"","","","","","","","","","","","","39"
"","","","","","","","","","","","","92"
"","Price Difference ","","","Cost of Revenue","","","စော်ဘွားကြီးကုန်း Showroom (23.11.20)","395","True","1","502004","1"
"","","","","","","","","","","","","2"
"","","","","","","","","","","","","10"
"","","","","","","","","","","","","11"
"","","","","","","","","","","","","3"
"","","","","","","","","","","","","14"
"","","","","","","","","","","","","9"
"","","","","","","","","","","","","45"
"","","","","","","","","","","","","35"
"","","","","","","","","","","","","47"
"","","","","","","","","","","","","108"
"","","","","","","","","","","","","70"
"","","","","","","","","","","","","99"
"","","","","","","","","","","","","103"
"","","","","","","","","","","","","100"
"","","","","","","","","","","","","107"
"","","","","","","","","","","","","112"
"","","","","","","","","","","","","113"
"","","","","","","","","","","","","119"
"","","","","","","","","","","","","102"
"","","","","","","","","","","","","122"
"","","","","","","","","","","","","120"
"","","","","","","","","","","","","101"
"","","","","","","","","","","","","105"
"","","","","","","","","","","","","96"
"","","","","","","","","","","","","118"
"","","","","","","","","","","","","97"
"","","","","","","","","","","","","115"
"","","","","","","","","","","","","110"
"","","","","","","","","","","","","116"
"","","","","","","","","","","","","106"
"","","","","","","","","","","","","121"
"","","","","","","","","","","","","114"
"","","","","","","","","","","","","111"
"","","","","","","","","","","","","117"
"","","","","","","","","","","","","98"
"","","","","","","","","","","","","104"
"","","","","","","","","","","","","109"
"","","","","","","","","","","","","7"
"","","","","","","","","","","","","6"
"","","","","","","","","","","","","31"
"","","","","","","","","","","","","26"
"","","","","","","","","","","","","46"
"","","","","","","","","","","","","84"
"","","","","","","","","","","","","50"
"","","","","","","","","","","","","86"
"","","","","","","","","","","","","65"
"","","","","","","","","","","","","80"
"","","","","","","","","","","","","49"
"","","","","","","","","","","","","66"
"","","","","","","","","","","","","64"
"","","","","","","","","","","","","56"
"","","","","","","","","","","","","57"
"","","","","","","","","","","","","67"
"","","","","","","","","","","","","59"
"","","","","","","","","","","","","68"
"","","","","","","","","","","","","55"
"","","","","","","","","","","","","58"
"","","","","","","","","","","","","69"
"","","","","","","","","","","","","60"
"","","","","","","","","","","","","62"
"","","","","","","","","","","","","61"
"","","","","","","","","","","","","81"
"","","","","","","","","","","","","83"
"","","","","","","","","","","","","93"
"","","","","","","","","","","","","63"
"","","","","","","","","","","","","82"
"","","","","","","","","","","","","94"
"","","","","","","","","","","","","91"
"","","","","","","","","","","","","48"
"","","","","","","","","","","","","77"
"","","","","","","","","","","","","4"
"","","","","","","","","","","","","18"
"","","","","","","","","","","","","17"
"","","","","","","","","","","","","15"
"","","","","","","","","","","","","16"
"","","","","","","","","","","","","5"
"","","","","","","","","","","","","76"
"","","","","","","","","","","","","71"
"","","","","","","","","","","","","75"
"","","","","","","","","","","","","74"
"","","","","","","","","","","","","90"
"","","","","","","","","","","","","88"
"","","","","","","","","","","","","87"
"","","","","","","","","","","","","51"
"","","","","","","","","","","","","78"
"","","","","","","","","","","","","89"
"","","","","","","","","","","","","52"
"","","","","","","","","","","","","79"
"","","","","","","","","","","","","44"
"","","","","","","","","","","","","73"
"","","","","","","","","","","","","72"
"","","","","","","","","","","","","8"
"","","","","","","","","","","","","36"
"","","","","","","","","","","","","13"
"","","","","","","","","","","","","43"
"","","","","","","","","","","","","28"
"","","","","","","","","","","","","34"
"","","","","","","","","","","","","85"
"","","","","","","","","","","","","37"
"","","","","","","","","","","","","42"
"","","","","","","","","","","","","41"
"","","","","","","","","","","","","29"
"","","","","","","","","","","","","33"
"","","","","","","","","","","","","38"
"","","","","","","","","","","","","95"
"","","","","","","","","","","","","12"
"","","","","","","","","","","","","32"
"","","","","","","","","","","","","54"
"","","","","","","","","","","","","27"
"","","","","","","","","","","","","40"
"","","","","","","","","","","","","39"
"","","","","","","","","","","","","92"
"","Price Difference ","","","Expenses","","","ဆီပုံး + ဖော့ဘူး (1.10.21)","5982","True","34","","1"
"","","","","","","","","","","","","2"
"","","","","","","","","","","","","10"
"","","","","","","","","","","","","11"
"","","","","","","","","","","","","3"
"","","","","","","","","","","","","14"
"","","","","","","","","","","","","9"
"","","","","","","","","","","","","45"
"","","","","","","","","","","","","35"
"","","","","","","","","","","","","47"
"","","","","","","","","","","","","108"
"","","","","","","","","","","","","70"
"","","","","","","","","","","","","99"
"","","","","","","","","","","","","103"
"","","","","","","","","","","","","100"
"","","","","","","","","","","","","107"
"","","","","","","","","","","","","112"
"","","","","","","","","","","","","113"
"","","","","","","","","","","","","119"
"","","","","","","","","","","","","102"
"","","","","","","","","","","","","122"
"","","","","","","","","","","","","120"
"","","","","","","","","","","","","101"
"","","","","","","","","","","","","105"
"","","","","","","","","","","","","96"
"","","","","","","","","","","","","118"
"","","","","","","","","","","","","97"
"","","","","","","","","","","","","115"
"","","","","","","","","","","","","110"
"","","","","","","","","","","","","116"
"","","","","","","","","","","","","106"
"","","","","","","","","","","","","121"
"","","","","","","","","","","","","114"
"","","","","","","","","","","","","111"
"","","","","","","","","","","","","117"
"","","","","","","","","","","","","98"
"","","","","","","","","","","","","104"
"","","","","","","","","","","","","109"
"","","","","","","","","","","","","7"
"","","","","","","","","","","","","6"
"","","","","","","","","","","","","31"
"","","","","","","","","","","","","26"
"","","","","","","","","","","","","46"
"","","","","","","","","","","","","84"
"","","","","","","","","","","","","50"
"","","","","","","","","","","","","86"
"","","","","","","","","","","","","65"
"","","","","","","","","","","","","80"
"","","","","","","","","","","","","49"
"","","","","","","","","","","","","66"
"","","","","","","","","","","","","64"
"","","","","","","","","","","","","56"
"","","","","","","","","","","","","57"
"","","","","","","","","","","","","67"
"","","","","","","","","","","","","59"
"","","","","","","","","","","","","68"
"","","","","","","","","","","","","55"
"","","","","","","","","","","","","58"
"","","","","","","","","","","","","69"
"","","","","","","","","","","","","60"
"","","","","","","","","","","","","62"
"","","","","","","","","","","","","61"
"","","","","","","","","","","","","81"
"","","","","","","","","","","","","83"
"","","","","","","","","","","","","93"
"","","","","","","","","","","","","63"
"","","","","","","","","","","","","82"
"","","","","","","","","","","","","94"
"","","","","","","","","","","","","91"
"","","","","","","","","","","","","48"
"","","","","","","","","","","","","77"
"","","","","","","","","","","","","4"
"","","","","","","","","","","","","18"
"","","","","","","","","","","","","17"
"","","","","","","","","","","","","15"
"","","","","","","","","","","","","16"
"","","","","","","","","","","","","5"
"","","","","","","","","","","","","76"
"","","","","","","","","","","","","71"
"","","","","","","","","","","","","75"
"","","","","","","","","","","","","74"
"","","","","","","","","","","","","90"
"","","","","","","","","","","","","88"
"","","","","","","","","","","","","87"
"","","","","","","","","","","","","51"
"","","","","","","","","","","","","78"
"","","","","","","","","","","","","89"
"","","","","","","","","","","","","52"
"","","","","","","","","","","","","79"
"","","","","","","","","","","","","44"
"","","","","","","","","","","","","73"
"","","","","","","","","","","","","72"
"","","","","","","","","","","","","8"
"","","","","","","","","","","","","36"
"","","","","","","","","","","","","13"
"","","","","","","","","","","","","43"
"","","","","","","","","","","","","28"
"","","","","","","","","","","","502004","34"
"","","","","","","","","","","","","85"
"","","","","","","","","","","","","37"
"","","","","","","","","","","","","42"
"","","","","","","","","","","","","41"
"","","","","","","","","","","","","29"
"","","","","","","","","","","","","33"
"","","","","","","","","","","","","38"
"","","","","","","","","","","","","95"
"","","","","","","","","","","","","12"
"","","","","","","","","","","","","32"
"","","","","","","","","","","","","54"
"","","","","","","","","","","","","27"
"","","","","","","","","","","","","40"
"","","","","","","","","","","","","39"
"","","","","","","","","","","","","92"
"","Price Difference ","","","Expenses","","","ဆီပုံး 1B-1C (01.3.2023)","49705","True","85","","1"
"","","","","","","","","","","","","2"
"","","","","","","","","","","","","10"
"","","","","","","","","","","","","11"
"","","","","","","","","","","","","3"
"","","","","","","","","","","","","14"
"","","","","","","","","","","","","9"
"","","","","","","","","","","","","45"
"","","","","","","","","","","","","35"
"","","","","","","","","","","","","47"
"","","","","","","","","","","","","108"
"","","","","","","","","","","","","70"
"","","","","","","","","","","","","99"
"","","","","","","","","","","","","103"
"","","","","","","","","","","","","100"
"","","","","","","","","","","","","107"
"","","","","","","","","","","","","112"
"","","","","","","","","","","","","113"
"","","","","","","","","","","","","119"
"","","","","","","","","","","","","102"
"","","","","","","","","","","","","122"
"","","","","","","","","","","","","120"
"","","","","","","","","","","","","101"
"","","","","","","","","","","","","105"
"","","","","","","","","","","","","96"
"","","","","","","","","","","","","118"
"","","","","","","","","","","","","97"
"","","","","","","","","","","","","115"
"","","","","","","","","","","","","110"
"","","","","","","","","","","","","116"
"","","","","","","","","","","","","106"
"","","","","","","","","","","","","121"
"","","","","","","","","","","","","114"
"","","","","","","","","","","","","111"
"","","","","","","","","","","","","117"
"","","","","","","","","","","","","98"
"","","","","","","","","","","","","104"
"","","","","","","","","","","","","109"
"","","","","","","","","","","","","7"
"","","","","","","","","","","","","6"
"","","","","","","","","","","","","31"
"","","","","","","","","","","","","26"
"","","","","","","","","","","","","46"
"","","","","","","","","","","","","84"
"","","","","","","","","","","","","50"
"","","","","","","","","","","","","86"
"","","","","","","","","","","","","65"
"","","","","","","","","","","","","80"
"","","","","","","","","","","","","49"
"","","","","","","","","","","","","66"
"","","","","","","","","","","","","64"
"","","","","","","","","","","","","56"
"","","","","","","","","","","","","57"
"","","","","","","","","","","","","67"
"","","","","","","","","","","","","59"
"","","","","","","","","","","","","68"
"","","","","","","","","","","","","55"
"","","","","","","","","","","","","58"
"","","","","","","","","","","","","69"
"","","","","","","","","","","","","60"
"","","","","","","","","","","","","62"
"","","","","","","","","","","","","61"
"","","","","","","","","","","","","81"
"","","","","","","","","","","","","83"
"","","","","","","","","","","","","93"
"","","","","","","","","","","","","63"
"","","","","","","","","","","","","82"
"","","","","","","","","","","","","94"
"","","","","","","","","","","","","91"
"","","","","","","","","","","","","48"
"","","","","","","","","","","","","77"
"","","","","","","","","","","","","4"
"","","","","","","","","","","","","18"
"","","","","","","","","","","","","17"
"","","","","","","","","","","","","15"
"","","","","","","","","","","","","16"
"","","","","","","","","","","","","5"
"","","","","","","","","","","","","76"
"","","","","","","","","","","","","71"
"","","","","","","","","","","","","75"
"","","","","","","","","","","","","74"
"","","","","","","","","","","","","90"
"","","","","","","","","","","","","88"
"","","","","","","","","","","","","87"
"","","","","","","","","","","","","51"
"","","","","","","","","","","","","78"
"","","","","","","","","","","","","89"
"","","","","","","","","","","","","52"
"","","","","","","","","","","","","79"
"","","","","","","","","","","","","44"
"","","","","","","","","","","","","73"
"","","","","","","","","","","","","72"
"","","","","","","","","","","","","8"
"","","","","","","","","","","","","36"
"","","","","","","","","","","","","13"
"","","","","","","","","","","","","43"
"","","","","","","","","","","","","28"
"","","","","","","","","","","","","34"
"","","","","","","","","","","","502004","85"
"","","","","","","","","","","","","37"
"","","","","","","","","","","","","42"
"","","","","","","","","","","","","41"
"","","","","","","","","","","","","29"
"","","","","","","","","","","","","33"
"","","","","","","","","","","","","38"
"","","","","","","","","","","","","95"
"","","","","","","","","","","","","12"
"","","","","","","","","","","","","32"
"","","","","","","","","","","","","54"
"","","","","","","","","","","","","27"
"","","","","","","","","","","","","40"
"","","","","","","","","","","","","39"
"","","","","","","","","","","","","92"
"","Price Difference ","","","Cost of Revenue","","","တောင်ကြီး Showroom (1.11.21)","6714","True","37","","1"
"","","","","","","","","","","","","2"
"","","","","","","","","","","","","10"
"","","","","","","","","","","","","11"
"","","","","","","","","","","","","3"
"","","","","","","","","","","","","14"
"","","","","","","","","","","","","9"
"","","","","","","","","","","","","45"
"","","","","","","","","","","","","35"
"","","","","","","","","","","","","47"
"","","","","","","","","","","","","108"
"","","","","","","","","","","","","70"
"","","","","","","","","","","","","99"
"","","","","","","","","","","","","103"
"","","","","","","","","","","","","100"
"","","","","","","","","","","","","107"
"","","","","","","","","","","","","112"
"","","","","","","","","","","","","113"
"","","","","","","","","","","","","119"
"","","","","","","","","","","","","102"
"","","","","","","","","","","","","122"
"","","","","","","","","","","","","120"
"","","","","","","","","","","","","101"
"","","","","","","","","","","","","105"
"","","","","","","","","","","","","96"
"","","","","","","","","","","","","118"
"","","","","","","","","","","","","97"
"","","","","","","","","","","","","115"
"","","","","","","","","","","","","110"
"","","","","","","","","","","","","116"
"","","","","","","","","","","","","106"
"","","","","","","","","","","","","121"
"","","","","","","","","","","","","114"
"","","","","","","","","","","","","111"
"","","","","","","","","","","","","117"
"","","","","","","","","","","","","98"
"","","","","","","","","","","","","104"
"","","","","","","","","","","","","109"
"","","","","","","","","","","","","7"
"","","","","","","","","","","","","6"
"","","","","","","","","","","","","31"
"","","","","","","","","","","","","26"
"","","","","","","","","","","","","46"
"","","","","","","","","","","","","84"
"","","","","","","","","","","","","50"
"","","","","","","","","","","","","86"
"","","","","","","","","","","","","65"
"","","","","","","","","","","","","80"
"","","","","","","","","","","","","49"
"","","","","","","","","","","","","66"
"","","","","","","","","","","","","64"
"","","","","","","","","","","","","56"
"","","","","","","","","","","","","57"
"","","","","","","","","","","","","67"
"","","","","","","","","","","","","59"
"","","","","","","","","","","","","68"
"","","","","","","","","","","","","55"
"","","","","","","","","","","","","58"
"","","","","","","","","","","","","69"
"","","","","","","","","","","","","60"
"","","","","","","","","","","","","62"
"","","","","","","","","","","","","61"
"","","","","","","","","","","","","81"
"","","","","","","","","","","","","83"
"","","","","","","","","","","","","93"
"","","","","","","","","","","","","63"
"","","","","","","","","","","","","82"
"","","","","","","","","","","","","94"
"","","","","","","","","","","","","91"
"","","","","","","","","","","","","48"
"","","","","","","","","","","","","77"
"","","","","","","","","","","","","4"
"","","","","","","","","","","","","18"
"","","","","","","","","","","","","17"
"","","","","","","","","","","","","15"
"","","","","","","","","","","","","16"
"","","","","","","","","","","","","5"
"","","","","","","","","","","","","76"
"","","","","","","","","","","","","71"
"","","","","","","","","","","","","75"
"","","","","","","","","","","","","74"
"","","","","","","","","","","","","90"
"","","","","","","","","","","","","88"
"","","","","","","","","","","","","87"
"","","","","","","","","","","","","51"
"","","","","","","","","","","","","78"
"","","","","","","","","","","","","89"
"","","","","","","","","","","","","52"
"","","","","","","","","","","","","79"
"","","","","","","","","","","","","44"
"","","","","","","","","","","","","73"
"","","","","","","","","","","","","72"
"","","","","","","","","","","","","8"
"","","","","","","","","","","","","36"
"","","","","","","","","","","","","13"
"","","","","","","","","","","","","43"
"","","","","","","","","","","","","28"
"","","","","","","","","","","","","34"
"","","","","","","","","","","","","85"
"","","","","","","","","","","","502004","37"
"","","","","","","","","","","","","42"
"","","","","","","","","","","","","41"
"","","","","","","","","","","","","29"
"","","","","","","","","","","","","33"
"","","","","","","","","","","","","38"
"","","","","","","","","","","","","95"
"","","","","","","","","","","","","12"
"","","","","","","","","","","","","32"
"","","","","","","","","","","","","54"
"","","","","","","","","","","","","27"
"","","","","","","","","","","","","40"
"","","","","","","","","","","","","39"
"","","","","","","","","","","","","92"
"","Price Difference ","","","Expenses","","","ထားဝယ် Plastic (1.12.21)","7582","True","42","","1"
"","","","","","","","","","","","","2"
"","","","","","","","","","","","","10"
"","","","","","","","","","","","","11"
"","","","","","","","","","","","","3"
"","","","","","","","","","","","","14"
"","","","","","","","","","","","","9"
"","","","","","","","","","","","","45"
"","","","","","","","","","","","","35"
"","","","","","","","","","","","","47"
"","","","","","","","","","","","","108"
"","","","","","","","","","","","","70"
"","","","","","","","","","","","","99"
"","","","","","","","","","","","","103"
"","","","","","","","","","","","","100"
"","","","","","","","","","","","","107"
"","","","","","","","","","","","","112"
"","","","","","","","","","","","","113"
"","","","","","","","","","","","","119"
"","","","","","","","","","","","","102"
"","","","","","","","","","","","","122"
"","","","","","","","","","","","","120"
"","","","","","","","","","","","","101"
"","","","","","","","","","","","","105"
"","","","","","","","","","","","","96"
"","","","","","","","","","","","","118"
"","","","","","","","","","","","","97"
"","","","","","","","","","","","","115"
"","","","","","","","","","","","","110"
"","","","","","","","","","","","","116"
"","","","","","","","","","","","","106"
"","","","","","","","","","","","","121"
"","","","","","","","","","","","","114"
"","","","","","","","","","","","","111"
"","","","","","","","","","","","","117"
"","","","","","","","","","","","","98"
"","","","","","","","","","","","","104"
"","","","","","","","","","","","","109"
"","","","","","","","","","","","","7"
"","","","","","","","","","","","","6"
"","","","","","","","","","","","","31"
"","","","","","","","","","","","","26"
"","","","","","","","","","","","","46"
"","","","","","","","","","","","","84"
"","","","","","","","","","","","","50"
"","","","","","","","","","","","","86"
"","","","","","","","","","","","","65"
"","","","","","","","","","","","","80"
"","","","","","","","","","","","","49"
"","","","","","","","","","","","","66"
"","","","","","","","","","","","","64"
"","","","","","","","","","","","","56"
"","","","","","","","","","","","","57"
"","","","","","","","","","","","","67"
"","","","","","","","","","","","","59"
"","","","","","","","","","","","","68"
"","","","","","","","","","","","","55"
"","","","","","","","","","","","","58"
"","","","","","","","","","","","","69"
"","","","","","","","","","","","","60"
"","","","","","","","","","","","","62"
"","","","","","","","","","","","","61"
"","","","","","","","","","","","","81"
"","","","","","","","","","","","","83"
"","","","","","","","","","","","","93"
"","","","","","","","","","","","","63"
"","","","","","","","","","","","","82"
"","","","","","","","","","","","","94"
"","","","","","","","","","","","","91"
"","","","","","","","","","","","","48"
"","","","","","","","","","","","","77"
"","","","","","","","","","","","","4"
"","","","","","","","","","","","","18"
"","","","","","","","","","","","","17"
"","","","","","","","","","","","","15"
"","","","","","","","","","","","","16"
"","","","","","","","","","","","","5"
"","","","","","","","","","","","","76"
"","","","","","","","","","","","","71"
"","","","","","","","","","","","","75"
"","","","","","","","","","","","","74"
"","","","","","","","","","","","","90"
"","","","","","","","","","","","","88"
"","","","","","","","","","","","","87"
"","","","","","","","","","","","","51"
"","","","","","","","","","","","","78"
"","","","","","","","","","","","","89"
"","","","","","","","","","","","","52"
"","","","","","","","","","","","","79"
"","","","","","","","","","","","","44"
"","","","","","","","","","","","","73"
"","","","","","","","","","","","","72"
"","","","","","","","","","","","","8"
"","","","","","","","","","","","","36"
"","","","","","","","","","","","","13"
"","","","","","","","","","","","","43"
"","","","","","","","","","","","","28"
"","","","","","","","","","","","","34"
"","","","","","","","","","","","","85"
"","","","","","","","","","","","","37"
"","","","","","","","","","","","502004","42"
"","","","","","","","","","","","","41"
"","","","","","","","","","","","","29"
"","","","","","","","","","","","","33"
"","","","","","","","","","","","","38"
"","","","","","","","","","","","","95"
"","","","","","","","","","","","","12"
"","","","","","","","","","","","","32"
"","","","","","","","","","","","","54"
"","","","","","","","","","","","","27"
"","","","","","","","","","","","","40"
"","","","","","","","","","","","","39"
"","","","","","","","","","","","","92"
"","Price Difference ","","","Cost of Revenue","","","ထားဝယ် Tank (1.12.21)","7458","True","41","","1"
"","","","","","","","","","","","","2"
"","","","","","","","","","","","","10"
"","","","","","","","","","","","","11"
"","","","","","","","","","","","","3"
"","","","","","","","","","","","","14"
"","","","","","","","","","","","","9"
"","","","","","","","","","","","","45"
"","","","","","","","","","","","","35"
"","","","","","","","","","","","","47"
"","","","","","","","","","","","","108"
"","","","","","","","","","","","","70"
"","","","","","","","","","","","","99"
"","","","","","","","","","","","","103"
"","","","","","","","","","","","","100"
"","","","","","","","","","","","","107"
"","","","","","","","","","","","","112"
"","","","","","","","","","","","","113"
"","","","","","","","","","","","","119"
"","","","","","","","","","","","","102"
"","","","","","","","","","","","","122"
"","","","","","","","","","","","","120"
"","","","","","","","","","","","","101"
"","","","","","","","","","","","","105"
"","","","","","","","","","","","","96"
"","","","","","","","","","","","","118"
"","","","","","","","","","","","","97"
"","","","","","","","","","","","","115"
"","","","","","","","","","","","","110"
"","","","","","","","","","","","","116"
"","","","","","","","","","","","","106"
"","","","","","","","","","","","","121"
"","","","","","","","","","","","","114"
"","","","","","","","","","","","","111"
"","","","","","","","","","","","","117"
"","","","","","","","","","","","","98"
"","","","","","","","","","","","","104"
"","","","","","","","","","","","","109"
"","","","","","","","","","","","","7"
"","","","","","","","","","","","","6"
"","","","","","","","","","","","","31"
"","","","","","","","","","","","","26"
"","","","","","","","","","","","","46"
"","","","","","","","","","","","","84"
"","","","","","","","","","","","","50"
"","","","","","","","","","","","","86"
"","","","","","","","","","","","","65"
"","","","","","","","","","","","","80"
"","","","","","","","","","","","","49"
"","","","","","","","","","","","","66"
"","","","","","","","","","","","","64"
"","","","","","","","","","","","","56"
"","","","","","","","","","","","","57"
"","","","","","","","","","","","","67"
"","","","","","","","","","","","","59"
"","","","","","","","","","","","","68"
"","","","","","","","","","","","","55"
"","","","","","","","","","","","","58"
"","","","","","","","","","","","","69"
"","","","","","","","","","","","","60"
"","","","","","","","","","","","","62"
"","","","","","","","","","","","","61"
"","","","","","","","","","","","","81"
"","","","","","","","","","","","","83"
"","","","","","","","","","","","","93"
"","","","","","","","","","","","","63"
"","","","","","","","","","","","","82"
"","","","","","","","","","","","","94"
"","","","","","","","","","","","","91"
"","","","","","","","","","","","","48"
"","","","","","","","","","","","","77"
"","","","","","","","","","","","","4"
"","","","","","","","","","","","","18"
"","","","","","","","","","","","","17"
"","","","","","","","","","","","","15"
"","","","","","","","","","","","","16"
"","","","","","","","","","","","","5"
"","","","","","","","","","","","","76"
"","","","","","","","","","","","","71"
"","","","","","","","","","","","","75"
"","","","","","","","","","","","","74"
"","","","","","","","","","","","","90"
"","","","","","","","","","","","","88"
"","","","","","","","","","","","","87"
"","","","","","","","","","","","","51"
"","","","","","","","","","","","","78"
"","","","","","","","","","","","","89"
"","","","","","","","","","","","","52"
"","","","","","","","","","","","","79"
"","","","","","","","","","","","","44"
"","","","","","","","","","","","","73"
"","","","","","","","","","","","","72"
"","","","","","","","","","","","","8"
"","","","","","","","","","","","","36"
"","","","","","","","","","","","","13"
"","","","","","","","","","","","","43"
"","","","","","","","","","","","","28"
"","","","","","","","","","","","","34"
"","","","","","","","","","","","","85"
"","","","","","","","","","","","","37"
"","","","","","","","","","","","","42"
"","","","","","","","","","","","502004","41"
"","","","","","","","","","","","","29"
"","","","","","","","","","","","","33"
"","","","","","","","","","","","","38"
"","","","","","","","","","","","","95"
"","","","","","","","","","","","","12"
"","","","","","","","","","","","","32"
"","","","","","","","","","","","","54"
"","","","","","","","","","","","","27"
"","","","","","","","","","","","","40"
"","","","","","","","","","","","","39"
"","","","","","","","","","","","","92"
"","Price Difference ","","","Cost of Revenue","","","နေပြည်တော် Showroom (1.10.21)","5822","True","29","","1"
"","","","","","","","","","","","","2"
"","","","","","","","","","","","","10"
"","","","","","","","","","","","","11"
"","","","","","","","","","","","","3"
"","","","","","","","","","","","","14"
"","","","","","","","","","","","","9"
"","","","","","","","","","","","","45"
"","","","","","","","","","","","","35"
"","","","","","","","","","","","","47"
"","","","","","","","","","","","","108"
"","","","","","","","","","","","","70"
"","","","","","","","","","","","","99"
"","","","","","","","","","","","","103"
"","","","","","","","","","","","","100"
"","","","","","","","","","","","","107"
"","","","","","","","","","","","","112"
"","","","","","","","","","","","","113"
"","","","","","","","","","","","","119"
"","","","","","","","","","","","","102"
"","","","","","","","","","","","","122"
"","","","","","","","","","","","","120"
"","","","","","","","","","","","","101"
"","","","","","","","","","","","","105"
"","","","","","","","","","","","","96"
"","","","","","","","","","","","","118"
"","","","","","","","","","","","","97"
"","","","","","","","","","","","","115"
"","","","","","","","","","","","","110"
"","","","","","","","","","","","","116"
"","","","","","","","","","","","","106"
"","","","","","","","","","","","","121"
"","","","","","","","","","","","","114"
"","","","","","","","","","","","","111"
"","","","","","","","","","","","","117"
"","","","","","","","","","","","","98"
"","","","","","","","","","","","","104"
"","","","","","","","","","","","","109"
"","","","","","","","","","","","","7"
"","","","","","","","","","","","","6"
"","","","","","","","","","","","","31"
"","","","","","","","","","","","","26"
"","","","","","","","","","","","","46"
"","","","","","","","","","","","","84"
"","","","","","","","","","","","","50"
"","","","","","","","","","","","","86"
"","","","","","","","","","","","","65"
"","","","","","","","","","","","","80"
"","","","","","","","","","","","","49"
"","","","","","","","","","","","","66"
"","","","","","","","","","","","","64"
"","","","","","","","","","","","","56"
"","","","","","","","","","","","","57"
"","","","","","","","","","","","","67"
"","","","","","","","","","","","","59"
"","","","","","","","","","","","","68"
"","","","","","","","","","","","","55"
"","","","","","","","","","","","","58"
"","","","","","","","","","","","","69"
"","","","","","","","","","","","","60"
"","","","","","","","","","","","","62"
"","","","","","","","","","","","","61"
"","","","","","","","","","","","","81"
"","","","","","","","","","","","","83"
"","","","","","","","","","","","","93"
"","","","","","","","","","","","","63"
"","","","","","","","","","","","","82"
"","","","","","","","","","","","","94"
"","","","","","","","","","","","","91"
"","","","","","","","","","","","","48"
"","","","","","","","","","","","","77"
"","","","","","","","","","","","","4"
"","","","","","","","","","","","","18"
"","","","","","","","","","","","","17"
"","","","","","","","","","","","","15"
"","","","","","","","","","","","","16"
"","","","","","","","","","","","","5"
"","","","","","","","","","","","","76"
"","","","","","","","","","","","","71"
"","","","","","","","","","","","","75"
"","","","","","","","","","","","","74"
"","","","","","","","","","","","","90"
"","","","","","","","","","","","","88"
"","","","","","","","","","","","","87"
"","","","","","","","","","","","","51"
"","","","","","","","","","","","","78"
"","","","","","","","","","","","","89"
"","","","","","","","","","","","","52"
"","","","","","","","","","","","","79"
"","","","","","","","","","","","","44"
"","","","","","","","","","","","","73"
"","","","","","","","","","","","","72"
"","","","","","","","","","","","","8"
"","","","","","","","","","","","","36"
"","","","","","","","","","","","","13"
"","","","","","","","","","","","","43"
"","","","","","","","","","","","","28"
"","","","","","","","","","","","","34"
"","","","","","","","","","","","","85"
"","","","","","","","","","","","","37"
"","","","","","","","","","","","","42"
"","","","","","","","","","","","","41"
"","","","","","","","","","","","502004","29"
"","","","","","","","","","","","","33"
"","","","","","","","","","","","","38"
"","","","","","","","","","","","","95"
"","","","","","","","","","","","","12"
"","","","","","","","","","","","","32"
"","","","","","","","","","","","","54"
"","","","","","","","","","","","","27"
"","","","","","","","","","","","","40"
"","","","","","","","","","","","","39"
"","","","","","","","","","","","","92"
"","Price Difference ","","","Cost of Revenue","","","ပခုက္ကူ Showroom (1.10.21)","5667","True","33","","1"
"","","","","","","","","","","","","2"
"","","","","","","","","","","","","10"
"","","","","","","","","","","","","11"
"","","","","","","","","","","","","3"
"","","","","","","","","","","","","14"
"","","","","","","","","","","","","9"
"","","","","","","","","","","","","45"
"","","","","","","","","","","","","35"
"","","","","","","","","","","","","47"
"","","","","","","","","","","","","108"
"","","","","","","","","","","","","70"
"","","","","","","","","","","","","99"
"","","","","","","","","","","","","103"
"","","","","","","","","","","","","100"
"","","","","","","","","","","","","107"
"","","","","","","","","","","","","112"
"","","","","","","","","","","","","113"
"","","","","","","","","","","","","119"
"","","","","","","","","","","","","102"
"","","","","","","","","","","","","122"
"","","","","","","","","","","","","120"
"","","","","","","","","","","","","101"
"","","","","","","","","","","","","105"
"","","","","","","","","","","","","96"
"","","","","","","","","","","","","118"
"","","","","","","","","","","","","97"
"","","","","","","","","","","","","115"
"","","","","","","","","","","","","110"
"","","","","","","","","","","","","116"
"","","","","","","","","","","","","106"
"","","","","","","","","","","","","121"
"","","","","","","","","","","","","114"
"","","","","","","","","","","","","111"
"","","","","","","","","","","","","117"
"","","","","","","","","","","","","98"
"","","","","","","","","","","","","104"
"","","","","","","","","","","","","109"
"","","","","","","","","","","","","7"
"","","","","","","","","","","","","6"
"","","","","","","","","","","","","31"
"","","","","","","","","","","","","26"
"","","","","","","","","","","","","46"
"","","","","","","","","","","","","84"
"","","","","","","","","","","","","50"
"","","","","","","","","","","","","86"
"","","","","","","","","","","","","65"
"","","","","","","","","","","","","80"
"","","","","","","","","","","","","49"
"","","","","","","","","","","","","66"
"","","","","","","","","","","","","64"
"","","","","","","","","","","","","56"
"","","","","","","","","","","","","57"
"","","","","","","","","","","","","67"
"","","","","","","","","","","","","59"
"","","","","","","","","","","","","68"
"","","","","","","","","","","","","55"
"","","","","","","","","","","","","58"
"","","","","","","","","","","","","69"
"","","","","","","","","","","","","60"
"","","","","","","","","","","","","62"
"","","","","","","","","","","","","61"
"","","","","","","","","","","","","81"
"","","","","","","","","","","","","83"
"","","","","","","","","","","","","93"
"","","","","","","","","","","","","63"
"","","","","","","","","","","","","82"
"","","","","","","","","","","","","94"
"","","","","","","","","","","","","91"
"","","","","","","","","","","","","48"
"","","","","","","","","","","","","77"
"","","","","","","","","","","","","4"
"","","","","","","","","","","","","18"
"","","","","","","","","","","","","17"
"","","","","","","","","","","","","15"
"","","","","","","","","","","","","16"
"","","","","","","","","","","","","5"
"","","","","","","","","","","","","76"
"","","","","","","","","","","","","71"
"","","","","","","","","","","","","75"
"","","","","","","","","","","","","74"
"","","","","","","","","","","","","90"
"","","","","","","","","","","","","88"
"","","","","","","","","","","","","87"
"","","","","","","","","","","","","51"
"","","","","","","","","","","","","78"
"","","","","","","","","","","","","89"
"","","","","","","","","","","","","52"
"","","","","","","","","","","","","79"
"","","","","","","","","","","","","44"
"","","","","","","","","","","","","73"
"","","","","","","","","","","","","72"
"","","","","","","","","","","","","8"
"","","","","","","","","","","","","36"
"","","","","","","","","","","","","13"
"","","","","","","","","","","","","43"
"","","","","","","","","","","","","28"
"","","","","","","","","","","","","34"
"","","","","","","","","","","","","85"
"","","","","","","","","","","","","37"
"","","","","","","","","","","","","42"
"","","","","","","","","","","","","41"
"","","","","","","","","","","","","29"
"","","","","","","","","","","","502004","33"
"","","","","","","","","","","","","38"
"","","","","","","","","","","","","95"
"","","","","","","","","","","","","12"
"","","","","","","","","","","","","32"
"","","","","","","","","","","","","54"
"","","","","","","","","","","","","27"
"","","","","","","","","","","","","40"
"","","","","","","","","","","","","39"
"","","","","","","","","","","","","92"
"","Price Difference ","","","Cost of Revenue","","","ပုသိမ် Showroom (1.11.21)","7202","True","38","","1"
"","","","","","","","","","","","","2"
"","","","","","","","","","","","","10"
"","","","","","","","","","","","","11"
"","","","","","","","","","","","","3"
"","","","","","","","","","","","","14"
"","","","","","","","","","","","","9"
"","","","","","","","","","","","","45"
"","","","","","","","","","","","","35"
"","","","","","","","","","","","","47"
"","","","","","","","","","","","","108"
"","","","","","","","","","","","","70"
"","","","","","","","","","","","","99"
"","","","","","","","","","","","","103"
"","","","","","","","","","","","","100"
"","","","","","","","","","","","","107"
"","","","","","","","","","","","","112"
"","","","","","","","","","","","","113"
"","","","","","","","","","","","","119"
"","","","","","","","","","","","","102"
"","","","","","","","","","","","","122"
"","","","","","","","","","","","","120"
"","","","","","","","","","","","","101"
"","","","","","","","","","","","","105"
"","","","","","","","","","","","","96"
"","","","","","","","","","","","","118"
"","","","","","","","","","","","","97"
"","","","","","","","","","","","","115"
"","","","","","","","","","","","","110"
"","","","","","","","","","","","","116"
"","","","","","","","","","","","","106"
"","","","","","","","","","","","","121"
"","","","","","","","","","","","","114"
"","","","","","","","","","","","","111"
"","","","","","","","","","","","","117"
"","","","","","","","","","","","","98"
"","","","","","","","","","","","","104"
"","","","","","","","","","","","","109"
"","","","","","","","","","","","","7"
"","","","","","","","","","","","","6"
"","","","","","","","","","","","","31"
"","","","","","","","","","","","","26"
"","","","","","","","","","","","","46"
"","","","","","","","","","","","","84"
"","","","","","","","","","","","","50"
"","","","","","","","","","","","","86"
"","","","","","","","","","","","","65"
"","","","","","","","","","","","","80"
"","","","","","","","","","","","","49"
"","","","","","","","","","","","","66"
"","","","","","","","","","","","","64"
"","","","","","","","","","","","","56"
"","","","","","","","","","","","","57"
"","","","","","","","","","","","","67"
"","","","","","","","","","","","","59"
"","","","","","","","","","","","","68"
"","","","","","","","","","","","","55"
"","","","","","","","","","","","","58"
"","","","","","","","","","","","","69"
"","","","","","","","","","","","","60"
"","","","","","","","","","","","","62"
"","","","","","","","","","","","","61"
"","","","","","","","","","","","","81"
"","","","","","","","","","","","","83"
"","","","","","","","","","","","","93"
"","","","","","","","","","","","","63"
"","","","","","","","","","","","","82"
"","","","","","","","","","","","","94"
"","","","","","","","","","","","","91"
"","","","","","","","","","","","","48"
"","","","","","","","","","","","","77"
"","","","","","","","","","","","","4"
"","","","","","","","","","","","","18"
"","","","","","","","","","","","","17"
"","","","","","","","","","","","","15"
"","","","","","","","","","","","","16"
"","","","","","","","","","","","","5"
"","","","","","","","","","","","","76"
"","","","","","","","","","","","","71"
"","","","","","","","","","","","","75"
"","","","","","","","","","","","","74"
"","","","","","","","","","","","","90"
"","","","","","","","","","","","","88"
"","","","","","","","","","","","","87"
"","","","","","","","","","","","","51"
"","","","","","","","","","","","","78"
"","","","","","","","","","","","","89"
"","","","","","","","","","","","","52"
"","","","","","","","","","","","","79"
"","","","","","","","","","","","","44"
"","","","","","","","","","","","","73"
"","","","","","","","","","","","","72"
"","","","","","","","","","","","","8"
"","","","","","","","","","","","","36"
"","","","","","","","","","","","","13"
"","","","","","","","","","","","","43"
"","","","","","","","","","","","","28"
"","","","","","","","","","","","","34"
"","","","","","","","","","","","","85"
"","","","","","","","","","","","","37"
"","","","","","","","","","","","","42"
"","","","","","","","","","","","","41"
"","","","","","","","","","","","","29"
"","","","","","","","","","","","","33"
"","","","","","","","","","","","502004","38"
"","","","","","","","","","","","","95"
"","","","","","","","","","","","","12"
"","","","","","","","","","","","","32"
"","","","","","","","","","","","","54"
"","","","","","","","","","","","","27"
"","","","","","","","","","","","","40"
"","","","","","","","","","","","","39"
"","","","","","","","","","","","","92"
"","Price Difference ","","","Cost of Revenue","","","ပြည်  Industry  (1.3.2024)","53946","True","95","","1"
"","","","","","","","","","","","","2"
"","","","","","","","","","","","","10"
"","","","","","","","","","","","","11"
"","","","","","","","","","","","","3"
"","","","","","","","","","","","","14"
"","","","","","","","","","","","","9"
"","","","","","","","","","","","","45"
"","","","","","","","","","","","","35"
"","","","","","","","","","","","","47"
"","","","","","","","","","","","","108"
"","","","","","","","","","","","","70"
"","","","","","","","","","","","","99"
"","","","","","","","","","","","","103"
"","","","","","","","","","","","","100"
"","","","","","","","","","","","","107"
"","","","","","","","","","","","","112"
"","","","","","","","","","","","","113"
"","","","","","","","","","","","","119"
"","","","","","","","","","","","","102"
"","","","","","","","","","","","","122"
"","","","","","","","","","","","","120"
"","","","","","","","","","","","","101"
"","","","","","","","","","","","","105"
"","","","","","","","","","","","","96"
"","","","","","","","","","","","","118"
"","","","","","","","","","","","","97"
"","","","","","","","","","","","","115"
"","","","","","","","","","","","","110"
"","","","","","","","","","","","","116"
"","","","","","","","","","","","","106"
"","","","","","","","","","","","","121"
"","","","","","","","","","","","","114"
"","","","","","","","","","","","","111"
"","","","","","","","","","","","","117"
"","","","","","","","","","","","","98"
"","","","","","","","","","","","","104"
"","","","","","","","","","","","","109"
"","","","","","","","","","","","","7"
"","","","","","","","","","","","","6"
"","","","","","","","","","","","","31"
"","","","","","","","","","","","","26"
"","","","","","","","","","","","","46"
"","","","","","","","","","","","","84"
"","","","","","","","","","","","","50"
"","","","","","","","","","","","","86"
"","","","","","","","","","","","","65"
"","","","","","","","","","","","","80"
"","","","","","","","","","","","","49"
"","","","","","","","","","","","","66"
"","","","","","","","","","","","","64"
"","","","","","","","","","","","","56"
"","","","","","","","","","","","","57"
"","","","","","","","","","","","","67"
"","","","","","","","","","","","","59"
"","","","","","","","","","","","","68"
"","","","","","","","","","","","","55"
"","","","","","","","","","","","","58"
"","","","","","","","","","","","","69"
"","","","","","","","","","","","","60"
"","","","","","","","","","","","","62"
"","","","","","","","","","","","","61"
"","","","","","","","","","","","","81"
"","","","","","","","","","","","","83"
"","","","","","","","","","","","","93"
"","","","","","","","","","","","","63"
"","","","","","","","","","","","","82"
"","","","","","","","","","","","","94"
"","","","","","","","","","","","","91"
"","","","","","","","","","","","","48"
"","","","","","","","","","","","","77"
"","","","","","","","","","","","","4"
"","","","","","","","","","","","","18"
"","","","","","","","","","","","","17"
"","","","","","","","","","","","","15"
"","","","","","","","","","","","","16"
"","","","","","","","","","","","","5"
"","","","","","","","","","","","","76"
"","","","","","","","","","","","","71"
"","","","","","","","","","","","","75"
"","","","","","","","","","","","","74"
"","","","","","","","","","","","","90"
"","","","","","","","","","","","","88"
"","","","","","","","","","","","","87"
"","","","","","","","","","","","","51"
"","","","","","","","","","","","","78"
"","","","","","","","","","","","","89"
"","","","","","","","","","","","","52"
"","","","","","","","","","","","","79"
"","","","","","","","","","","","","44"
"","","","","","","","","","","","","73"
"","","","","","","","","","","","","72"
"","","","","","","","","","","","","8"
"","","","","","","","","","","","","36"
"","","","","","","","","","","","","13"
"","","","","","","","","","","","","43"
"","","","","","","","","","","","","28"
"","","","","","","","","","","","","34"
"","","","","","","","","","","","","85"
"","","","","","","","","","","","","37"
"","","","","","","","","","","","","42"
"","","","","","","","","","","","","41"
"","","","","","","","","","","","","29"
"","","","","","","","","","","","","33"
"","","","","","","","","","","","","38"
"","","","","","","","","","","","502004","95"
"","","","","","","","","","","","","12"
"","","","","","","","","","","","","32"
"","","","","","","","","","","","","54"
"","","","","","","","","","","","","27"
"","","","","","","","","","","","","40"
"","","","","","","","","","","","","39"
"","","","","","","","","","","","","92"
"","Price Difference ","","","Cost of Revenue","","","ပြည် ShowRoom (1.10.21)","5833","True","12","","1"
"","","","","","","","","","","","","2"
"","","","","","","","","","","","","10"
"","","","","","","","","","","","","11"
"","","","","","","","","","","","","3"
"","","","","","","","","","","","","14"
"","","","","","","","","","","","","9"
"","","","","","","","","","","","","45"
"","","","","","","","","","","","","35"
"","","","","","","","","","","","","47"
"","","","","","","","","","","","","108"
"","","","","","","","","","","","","70"
"","","","","","","","","","","","","99"
"","","","","","","","","","","","","103"
"","","","","","","","","","","","","100"
"","","","","","","","","","","","","107"
"","","","","","","","","","","","","112"
"","","","","","","","","","","","","113"
"","","","","","","","","","","","","119"
"","","","","","","","","","","","","102"
"","","","","","","","","","","","","122"
"","","","","","","","","","","","","120"
"","","","","","","","","","","","","101"
"","","","","","","","","","","","","105"
"","","","","","","","","","","","","96"
"","","","","","","","","","","","","118"
"","","","","","","","","","","","","97"
"","","","","","","","","","","","","115"
"","","","","","","","","","","","","110"
"","","","","","","","","","","","","116"
"","","","","","","","","","","","","106"
"","","","","","","","","","","","","121"
"","","","","","","","","","","","","114"
"","","","","","","","","","","","","111"
"","","","","","","","","","","","","117"
"","","","","","","","","","","","","98"
"","","","","","","","","","","","","104"
"","","","","","","","","","","","","109"
"","","","","","","","","","","","","7"
"","","","","","","","","","","","","6"
"","","","","","","","","","","","","31"
"","","","","","","","","","","","","26"
"","","","","","","","","","","","","46"
"","","","","","","","","","","","","84"
"","","","","","","","","","","","","50"
"","","","","","","","","","","","","86"
"","","","","","","","","","","","","65"
"","","","","","","","","","","","","80"
"","","","","","","","","","","","","49"
"","","","","","","","","","","","","66"
"","","","","","","","","","","","","64"
"","","","","","","","","","","","","56"
"","","","","","","","","","","","","57"
"","","","","","","","","","","","","67"
"","","","","","","","","","","","","59"
"","","","","","","","","","","","","68"
"","","","","","","","","","","","","55"
"","","","","","","","","","","","","58"
"","","","","","","","","","","","","69"
"","","","","","","","","","","","","60"
"","","","","","","","","","","","","62"
"","","","","","","","","","","","","61"
"","","","","","","","","","","","","81"
"","","","","","","","","","","","","83"
"","","","","","","","","","","","","93"
"","","","","","","","","","","","","63"
"","","","","","","","","","","","","82"
"","","","","","","","","","","","","94"
"","","","","","","","","","","","","91"
"","","","","","","","","","","","","48"
"","","","","","","","","","","","","77"
"","","","","","","","","","","","","4"
"","","","","","","","","","","","","18"
"","","","","","","","","","","","","17"
"","","","","","","","","","","","","15"
"","","","","","","","","","","","","16"
"","","","","","","","","","","","","5"
"","","","","","","","","","","","","76"
"","","","","","","","","","","","","71"
"","","","","","","","","","","","","75"
"","","","","","","","","","","","","74"
"","","","","","","","","","","","","90"
"","","","","","","","","","","","","88"
"","","","","","","","","","","","","87"
"","","","","","","","","","","","","51"
"","","","","","","","","","","","","78"
"","","","","","","","","","","","","89"
"","","","","","","","","","","","","52"
"","","","","","","","","","","","","79"
"","","","","","","","","","","","","44"
"","","","","","","","","","","","","73"
"","","","","","","","","","","","","72"
"","","","","","","","","","","","","8"
"","","","","","","","","","","","","36"
"","","","","","","","","","","","","13"
"","","","","","","","","","","","","43"
"","","","","","","","","","","","","28"
"","","","","","","","","","","","","34"
"","","","","","","","","","","","","85"
"","","","","","","","","","","","","37"
"","","","","","","","","","","","","42"
"","","","","","","","","","","","","41"
"","","","","","","","","","","","","29"
"","","","","","","","","","","","","33"
"","","","","","","","","","","","","38"
"","","","","","","","","","","","","95"
"","","","","","","","","","","","502004","12"
"","","","","","","","","","","","","32"
"","","","","","","","","","","","","54"
"","","","","","","","","","","","","27"
"","","","","","","","","","","","","40"
"","","","","","","","","","","","","39"
"","","","","","","","","","","","","92"
"","Price Difference ","","","Cost of Revenue","","","မကွေး Industry (1.6.25)","60218","True","98","","1"
"","","","","","","","","","","","","2"
"","","","","","","","","","","","","10"
"","","","","","","","","","","","","11"
"","","","","","","","","","","","","3"
"","","","","","","","","","","","","14"
"","","","","","","","","","","","","9"
"","","","","","","","","","","","","45"
"","","","","","","","","","","","","35"
"","","","","","","","","","","","","47"
"","","","","","","","","","","","","108"
"","","","","","","","","","","","","70"
"","","","","","","","","","","","","99"
"","","","","","","","","","","","","103"
"","","","","","","","","","","","","100"
"","","","","","","","","","","","","107"
"","","","","","","","","","","","","112"
"","","","","","","","","","","","","113"
"","","","","","","","","","","","","119"
"","","","","","","","","","","","","102"
"","","","","","","","","","","","","122"
"","","","","","","","","","","","","120"
"","","","","","","","","","","","","101"
"","","","","","","","","","","","","105"
"","","","","","","","","","","","","96"
"","","","","","","","","","","","","118"
"","","","","","","","","","","","","97"
"","","","","","","","","","","","","115"
"","","","","","","","","","","","","110"
"","","","","","","","","","","","","116"
"","","","","","","","","","","","","106"
"","","","","","","","","","","","","121"
"","","","","","","","","","","","","114"
"","","","","","","","","","","","","111"
"","","","","","","","","","","","","117"
"","","","","","","","","","","","502004","98"
"","","","","","","","","","","","","104"
"","","","","","","","","","","","","109"
"","","","","","","","","","","","","7"
"","","","","","","","","","","","","6"
"","","","","","","","","","","","","31"
"","","","","","","","","","","","","26"
"","","","","","","","","","","","","46"
"","","","","","","","","","","","","84"
"","","","","","","","","","","","","50"
"","","","","","","","","","","","","86"
"","","","","","","","","","","","","65"
"","","","","","","","","","","","","80"
"","","","","","","","","","","","","49"
"","","","","","","","","","","","","66"
"","","","","","","","","","","","","64"
"","","","","","","","","","","","","56"
"","","","","","","","","","","","","57"
"","","","","","","","","","","","","67"
"","","","","","","","","","","","","59"
"","","","","","","","","","","","","68"
"","","","","","","","","","","","","55"
"","","","","","","","","","","","","58"
"","","","","","","","","","","","","69"
"","","","","","","","","","","","","60"
"","","","","","","","","","","","","62"
"","","","","","","","","","","","","61"
"","","","","","","","","","","","","81"
"","","","","","","","","","","","","83"
"","","","","","","","","","","","","93"
"","","","","","","","","","","","","63"
"","","","","","","","","","","","","82"
"","","","","","","","","","","","","94"
"","","","","","","","","","","","","91"
"","","","","","","","","","","","","48"
"","","","","","","","","","","","","77"
"","","","","","","","","","","","","4"
"","","","","","","","","","","","","18"
"","","","","","","","","","","","","17"
"","","","","","","","","","","","","15"
"","","","","","","","","","","","","16"
"","","","","","","","","","","","","5"
"","","","","","","","","","","","","76"
"","","","","","","","","","","","","71"
"","","","","","","","","","","","","75"
"","","","","","","","","","","","","74"
"","","","","","","","","","","","","90"
"","","","","","","","","","","","","88"
"","","","","","","","","","","","","87"
"","","","","","","","","","","","","51"
"","","","","","","","","","","","","78"
"","","","","","","","","","","","","89"
"","","","","","","","","","","","","52"
"","","","","","","","","","","","","79"
"","","","","","","","","","","","","44"
"","","","","","","","","","","","","73"
"","","","","","","","","","","","","72"
"","","","","","","","","","","","","8"
"","","","","","","","","","","","","36"
"","","","","","","","","","","","","13"
"","","","","","","","","","","","","43"
"","","","","","","","","","","","","28"
"","","","","","","","","","","","","34"
"","","","","","","","","","","","","85"
"","","","","","","","","","","","","37"
"","","","","","","","","","","","","42"
"","","","","","","","","","","","","41"
"","","","","","","","","","","","","29"
"","","","","","","","","","","","","33"
"","","","","","","","","","","","","38"
"","","","","","","","","","","","","95"
"","","","","","","","","","","","","12"
"","","","","","","","","","","","","32"
"","","","","","","","","","","","","54"
"","","","","","","","","","","","","27"
"","","","","","","","","","","","","40"
"","","","","","","","","","","","","39"
"","","","","","","","","","","","","92"
"","Price Difference ","","","Cost of Revenue","","","မကွေး Showroom (1.10.21)","5779","True","32","","1"
"","","","","","","","","","","","","2"
"","","","","","","","","","","","","10"
"","","","","","","","","","","","","11"
"","","","","","","","","","","","","3"
"","","","","","","","","","","","","14"
"","","","","","","","","","","","","9"
"","","","","","","","","","","","","45"
"","","","","","","","","","","","","35"
"","","","","","","","","","","","","47"
"","","","","","","","","","","","","108"
"","","","","","","","","","","","","70"
"","","","","","","","","","","","","99"
"","","","","","","","","","","","","103"
"","","","","","","","","","","","","100"
"","","","","","","","","","","","","107"
"","","","","","","","","","","","","112"
"","","","","","","","","","","","","113"
"","","","","","","","","","","","","119"
"","","","","","","","","","","","","102"
"","","","","","","","","","","","","122"
"","","","","","","","","","","","","120"
"","","","","","","","","","","","","101"
"","","","","","","","","","","","","105"
"","","","","","","","","","","","","96"
"","","","","","","","","","","","","118"
"","","","","","","","","","","","","97"
"","","","","","","","","","","","","115"
"","","","","","","","","","","","","110"
"","","","","","","","","","","","","116"
"","","","","","","","","","","","","106"
"","","","","","","","","","","","","121"
"","","","","","","","","","","","","114"
"","","","","","","","","","","","","111"
"","","","","","","","","","","","","117"
"","","","","","","","","","","","","98"
"","","","","","","","","","","","","104"
"","","","","","","","","","","","","109"
"","","","","","","","","","","","","7"
"","","","","","","","","","","","","6"
"","","","","","","","","","","","","31"
"","","","","","","","","","","","","26"
"","","","","","","","","","","","","46"
"","","","","","","","","","","","","84"
"","","","","","","","","","","","","50"
"","","","","","","","","","","","","86"
"","","","","","","","","","","","","65"
"","","","","","","","","","","","","80"
"","","","","","","","","","","","","49"
"","","","","","","","","","","","","66"
"","","","","","","","","","","","","64"
"","","","","","","","","","","","","56"
"","","","","","","","","","","","","57"
"","","","","","","","","","","","","67"
"","","","","","","","","","","","","59"
"","","","","","","","","","","","","68"
"","","","","","","","","","","","","55"
"","","","","","","","","","","","","58"
"","","","","","","","","","","","","69"
"","","","","","","","","","","","","60"
"","","","","","","","","","","","","62"
"","","","","","","","","","","","","61"
"","","","","","","","","","","","","81"
"","","","","","","","","","","","","83"
"","","","","","","","","","","","","93"
"","","","","","","","","","","","","63"
"","","","","","","","","","","","","82"
"","","","","","","","","","","","","94"
"","","","","","","","","","","","","91"
"","","","","","","","","","","","","48"
"","","","","","","","","","","","","77"
"","","","","","","","","","","","","4"
"","","","","","","","","","","","","18"
"","","","","","","","","","","","","17"
"","","","","","","","","","","","","15"
"","","","","","","","","","","","","16"
"","","","","","","","","","","","","5"
"","","","","","","","","","","","","76"
"","","","","","","","","","","","","71"
"","","","","","","","","","","","","75"
"","","","","","","","","","","","","74"
"","","","","","","","","","","","","90"
"","","","","","","","","","","","","88"
"","","","","","","","","","","","","87"
"","","","","","","","","","","","","51"
"","","","","","","","","","","","","78"
"","","","","","","","","","","","","89"
"","","","","","","","","","","","","52"
"","","","","","","","","","","","","79"
"","","","","","","","","","","","","44"
"","","","","","","","","","","","","73"
"","","","","","","","","","","","","72"
"","","","","","","","","","","","","8"
"","","","","","","","","","","","","36"
"","","","","","","","","","","","","13"
"","","","","","","","","","","","","43"
"","","","","","","","","","","","","28"
"","","","","","","","","","","","","34"
"","","","","","","","","","","","","85"
"","","","","","","","","","","","","37"
"","","","","","","","","","","","","42"
"","","","","","","","","","","","","41"
"","","","","","","","","","","","","29"
"","","","","","","","","","","","","33"
"","","","","","","","","","","","","38"
"","","","","","","","","","","","","95"
"","","","","","","","","","","","","12"
"","","","","","","","","","","","502004","32"
"","","","","","","","","","","","","54"
"","","","","","","","","","","","","27"
"","","","","","","","","","","","","40"
"","","","","","","","","","","","","39"
"","","","","","","","","","","","","92"
"","Price Difference ","","","Cost of Revenue","","","မထားစု Industry (1.6.2022)","17906","True","54","","1"
"","","","","","","","","","","","","2"
"","","","","","","","","","","","","10"
"","","","","","","","","","","","","11"
"","","","","","","","","","","","","3"
"","","","","","","","","","","","","14"
"","","","","","","","","","","","","9"
"","","","","","","","","","","","","45"
"","","","","","","","","","","","","35"
"","","","","","","","","","","","","47"
"","","","","","","","","","","","","108"
"","","","","","","","","","","","","70"
"","","","","","","","","","","","","99"
"","","","","","","","","","","","","103"
"","","","","","","","","","","","","100"
"","","","","","","","","","","","","107"
"","","","","","","","","","","","","112"
"","","","","","","","","","","","","113"
"","","","","","","","","","","","","119"
"","","","","","","","","","","","","102"
"","","","","","","","","","","","","122"
"","","","","","","","","","","","","120"
"","","","","","","","","","","","","101"
"","","","","","","","","","","","","105"
"","","","","","","","","","","","","96"
"","","","","","","","","","","","","118"
"","","","","","","","","","","","","97"
"","","","","","","","","","","","","115"
"","","","","","","","","","","","","110"
"","","","","","","","","","","","","116"
"","","","","","","","","","","","","106"
"","","","","","","","","","","","","121"
"","","","","","","","","","","","","114"
"","","","","","","","","","","","","111"
"","","","","","","","","","","","","117"
"","","","","","","","","","","","","98"
"","","","","","","","","","","","","104"
"","","","","","","","","","","","","109"
"","","","","","","","","","","","","7"
"","","","","","","","","","","","","6"
"","","","","","","","","","","","","31"
"","","","","","","","","","","","","26"
"","","","","","","","","","","","","46"
"","","","","","","","","","","","","84"
"","","","","","","","","","","","","50"
"","","","","","","","","","","","","86"
"","","","","","","","","","","","","65"
"","","","","","","","","","","","","80"
"","","","","","","","","","","","","49"
"","","","","","","","","","","","","66"
"","","","","","","","","","","","","64"
"","","","","","","","","","","","","56"
"","","","","","","","","","","","","57"
"","","","","","","","","","","","","67"
"","","","","","","","","","","","","59"
"","","","","","","","","","","","","68"
"","","","","","","","","","","","","55"
"","","","","","","","","","","","","58"
"","","","","","","","","","","","","69"
"","","","","","","","","","","","","60"
"","","","","","","","","","","","","62"
"","","","","","","","","","","","","61"
"","","","","","","","","","","","","81"
"","","","","","","","","","","","","83"
"","","","","","","","","","","","","93"
"","","","","","","","","","","","","63"
"","","","","","","","","","","","","82"
"","","","","","","","","","","","","94"
"","","","","","","","","","","","","91"
"","","","","","","","","","","","","48"
"","","","","","","","","","","","","77"
"","","","","","","","","","","","","4"
"","","","","","","","","","","","","18"
"","","","","","","","","","","","","17"
"","","","","","","","","","","","","15"
"","","","","","","","","","","","","16"
"","","","","","","","","","","","","5"
"","","","","","","","","","","","","76"
"","","","","","","","","","","","","71"
"","","","","","","","","","","","","75"
"","","","","","","","","","","","","74"
"","","","","","","","","","","","","90"
"","","","","","","","","","","","","88"
"","","","","","","","","","","","","87"
"","","","","","","","","","","","","51"
"","","","","","","","","","","","","78"
"","","","","","","","","","","","","89"
"","","","","","","","","","","","","52"
"","","","","","","","","","","","","79"
"","","","","","","","","","","","","44"
"","","","","","","","","","","","","73"
"","","","","","","","","","","","","72"
"","","","","","","","","","","","","8"
"","","","","","","","","","","","","36"
"","","","","","","","","","","","","13"
"","","","","","","","","","","","","43"
"","","","","","","","","","","","","28"
"","","","","","","","","","","","","34"
"","","","","","","","","","","","","85"
"","","","","","","","","","","","","37"
"","","","","","","","","","","","","42"
"","","","","","","","","","","","","41"
"","","","","","","","","","","","","29"
"","","","","","","","","","","","","33"
"","","","","","","","","","","","","38"
"","","","","","","","","","","","","95"
"","","","","","","","","","","","","12"
"","","","","","","","","","","","","32"
"","","","","","","","","","","","502004","54"
"","","","","","","","","","","","","27"
"","","","","","","","","","","","","40"
"","","","","","","","","","","","","39"
"","","","","","","","","","","","","92"
"","Price Difference ","","","Cost of Revenue","","","မန္တလေး Showroom (1.8.21)","4993","True","27","","1"
"","","","","","","","","","","","","2"
"","","","","","","","","","","","","10"
"","","","","","","","","","","","","11"
"","","","","","","","","","","","","3"
"","","","","","","","","","","","","14"
"","","","","","","","","","","","","9"
"","","","","","","","","","","","","45"
"","","","","","","","","","","","","35"
"","","","","","","","","","","","","47"
"","","","","","","","","","","","","108"
"","","","","","","","","","","","","70"
"","","","","","","","","","","","","99"
"","","","","","","","","","","","","103"
"","","","","","","","","","","","","100"
"","","","","","","","","","","","","107"
"","","","","","","","","","","","","112"
"","","","","","","","","","","","","113"
"","","","","","","","","","","","","119"
"","","","","","","","","","","","","102"
"","","","","","","","","","","","","122"
"","","","","","","","","","","","","120"
"","","","","","","","","","","","","101"
"","","","","","","","","","","","","105"
"","","","","","","","","","","","","96"
"","","","","","","","","","","","","118"
"","","","","","","","","","","","","97"
"","","","","","","","","","","","","115"
"","","","","","","","","","","","","110"
"","","","","","","","","","","","","116"
"","","","","","","","","","","","","106"
"","","","","","","","","","","","","121"
"","","","","","","","","","","","","114"
"","","","","","","","","","","","","111"
"","","","","","","","","","","","","117"
"","","","","","","","","","","","","98"
"","","","","","","","","","","","","104"
"","","","","","","","","","","","","109"
"","","","","","","","","","","","","7"
"","","","","","","","","","","","","6"
"","","","","","","","","","","","","31"
"","","","","","","","","","","","","26"
"","","","","","","","","","","","","46"
"","","","","","","","","","","","","84"
"","","","","","","","","","","","","50"
"","","","","","","","","","","","","86"
"","","","","","","","","","","","","65"
"","","","","","","","","","","","","80"
"","","","","","","","","","","","","49"
"","","","","","","","","","","","","66"
"","","","","","","","","","","","","64"
"","","","","","","","","","","","","56"
"","","","","","","","","","","","","57"
"","","","","","","","","","","","","67"
"","","","","","","","","","","","","59"
"","","","","","","","","","","","","68"
"","","","","","","","","","","","","55"
"","","","","","","","","","","","","58"
"","","","","","","","","","","","","69"
"","","","","","","","","","","","","60"
"","","","","","","","","","","","","62"
"","","","","","","","","","","","","61"
"","","","","","","","","","","","","81"
"","","","","","","","","","","","","83"
"","","","","","","","","","","","","93"
"","","","","","","","","","","","","63"
"","","","","","","","","","","","","82"
"","","","","","","","","","","","","94"
"","","","","","","","","","","","","91"
"","","","","","","","","","","","","48"
"","","","","","","","","","","","","77"
"","","","","","","","","","","","","4"
"","","","","","","","","","","","","18"
"","","","","","","","","","","","","17"
"","","","","","","","","","","","","15"
"","","","","","","","","","","","","16"
"","","","","","","","","","","","","5"
"","","","","","","","","","","","","76"
"","","","","","","","","","","","","71"
"","","","","","","","","","","","","75"
"","","","","","","","","","","","","74"
"","","","","","","","","","","","","90"
"","","","","","","","","","","","","88"
"","","","","","","","","","","","","87"
"","","","","","","","","","","","","51"
"","","","","","","","","","","","","78"
"","","","","","","","","","","","","89"
"","","","","","","","","","","","","52"
"","","","","","","","","","","","","79"
"","","","","","","","","","","","","44"
"","","","","","","","","","","","","73"
"","","","","","","","","","","","","72"
"","","","","","","","","","","","","8"
"","","","","","","","","","","","","36"
"","","","","","","","","","","","","13"
"","","","","","","","","","","","","43"
"","","","","","","","","","","","","28"
"","","","","","","","","","","","","34"
"","","","","","","","","","","","","85"
"","","","","","","","","","","","","37"
"","","","","","","","","","","","","42"
"","","","","","","","","","","","","41"
"","","","","","","","","","","","","29"
"","","","","","","","","","","","","33"
"","","","","","","","","","","","","38"
"","","","","","","","","","","","","95"
"","","","","","","","","","","","","12"
"","","","","","","","","","","","","32"
"","","","","","","","","","","","","54"
"","","","","","","","","","","","502004","27"
"","","","","","","","","","","","","40"
"","","","","","","","","","","","","39"
"","","","","","","","","","","","","92"
"","Price Difference ","","","Expenses","","","မော်လမြိုင် Tank (1.12.21)","7334","True","40","","1"
"","","","","","","","","","","","","2"
"","","","","","","","","","","","","10"
"","","","","","","","","","","","","11"
"","","","","","","","","","","","","3"
"","","","","","","","","","","","","14"
"","","","","","","","","","","","","9"
"","","","","","","","","","","","","45"
"","","","","","","","","","","","","35"
"","","","","","","","","","","","","47"
"","","","","","","","","","","","","108"
"","","","","","","","","","","","","70"
"","","","","","","","","","","","","99"
"","","","","","","","","","","","","103"
"","","","","","","","","","","","","100"
"","","","","","","","","","","","","107"
"","","","","","","","","","","","","112"
"","","","","","","","","","","","","113"
"","","","","","","","","","","","","119"
"","","","","","","","","","","","","102"
"","","","","","","","","","","","","122"
"","","","","","","","","","","","","120"
"","","","","","","","","","","","","101"
"","","","","","","","","","","","","105"
"","","","","","","","","","","","","96"
"","","","","","","","","","","","","118"
"","","","","","","","","","","","","97"
"","","","","","","","","","","","","115"
"","","","","","","","","","","","","110"
"","","","","","","","","","","","","116"
"","","","","","","","","","","","","106"
"","","","","","","","","","","","","121"
"","","","","","","","","","","","","114"
"","","","","","","","","","","","","111"
"","","","","","","","","","","","","117"
"","","","","","","","","","","","","98"
"","","","","","","","","","","","","104"
"","","","","","","","","","","","","109"
"","","","","","","","","","","","","7"
"","","","","","","","","","","","","6"
"","","","","","","","","","","","","31"
"","","","","","","","","","","","","26"
"","","","","","","","","","","","","46"
"","","","","","","","","","","","","84"
"","","","","","","","","","","","","50"
"","","","","","","","","","","","","86"
"","","","","","","","","","","","","65"
"","","","","","","","","","","","","80"
"","","","","","","","","","","","","49"
"","","","","","","","","","","","","66"
"","","","","","","","","","","","","64"
"","","","","","","","","","","","","56"
"","","","","","","","","","","","","57"
"","","","","","","","","","","","","67"
"","","","","","","","","","","","","59"
"","","","","","","","","","","","","68"
"","","","","","","","","","","","","55"
"","","","","","","","","","","","","58"
"","","","","","","","","","","","","69"
"","","","","","","","","","","","","60"
"","","","","","","","","","","","","62"
"","","","","","","","","","","","","61"
"","","","","","","","","","","","","81"
"","","","","","","","","","","","","83"
"","","","","","","","","","","","","93"
"","","","","","","","","","","","","63"
"","","","","","","","","","","","","82"
"","","","","","","","","","","","","94"
"","","","","","","","","","","","","91"
"","","","","","","","","","","","","48"
"","","","","","","","","","","","","77"
"","","","","","","","","","","","","4"
"","","","","","","","","","","","","18"
"","","","","","","","","","","","","17"
"","","","","","","","","","","","","15"
"","","","","","","","","","","","","16"
"","","","","","","","","","","","","5"
"","","","","","","","","","","","","76"
"","","","","","","","","","","","","71"
"","","","","","","","","","","","","75"
"","","","","","","","","","","","","74"
"","","","","","","","","","","","","90"
"","","","","","","","","","","","","88"
"","","","","","","","","","","","","87"
"","","","","","","","","","","","","51"
"","","","","","","","","","","","","78"
"","","","","","","","","","","","","89"
"","","","","","","","","","","","","52"
"","","","","","","","","","","","","79"
"","","","","","","","","","","","","44"
"","","","","","","","","","","","","73"
"","","","","","","","","","","","","72"
"","","","","","","","","","","","","8"
"","","","","","","","","","","","","36"
"","","","","","","","","","","","","13"
"","","","","","","","","","","","","43"
"","","","","","","","","","","","","28"
"","","","","","","","","","","","","34"
"","","","","","","","","","","","","85"
"","","","","","","","","","","","","37"
"","","","","","","","","","","","","42"
"","","","","","","","","","","","","41"
"","","","","","","","","","","","","29"
"","","","","","","","","","","","","33"
"","","","","","","","","","","","","38"
"","","","","","","","","","","","","95"
"","","","","","","","","","","","","12"
"","","","","","","","","","","","","32"
"","","","","","","","","","","","","54"
"","","","","","","","","","","","","27"
"","","","","","","","","","","","502004","40"
"","","","","","","","","","","","","39"
"","","","","","","","","","","","","92"
"","Price Difference ","","","Cost of Revenue","","","ဟင်္သာတ Showroom (1.11.21)","7080","True","39","","1"
"","","","","","","","","","","","","2"
"","","","","","","","","","","","","10"
"","","","","","","","","","","","","11"
"","","","","","","","","","","","","3"
"","","","","","","","","","","","","14"
"","","","","","","","","","","","","9"
"","","","","","","","","","","","","45"
"","","","","","","","","","","","","35"
"","","","","","","","","","","","","47"
"","","","","","","","","","","","","108"
"","","","","","","","","","","","","70"
"","","","","","","","","","","","","99"
"","","","","","","","","","","","","103"
"","","","","","","","","","","","","100"
"","","","","","","","","","","","","107"
"","","","","","","","","","","","","112"
"","","","","","","","","","","","","113"
"","","","","","","","","","","","","119"
"","","","","","","","","","","","","102"
"","","","","","","","","","","","","122"
"","","","","","","","","","","","","120"
"","","","","","","","","","","","","101"
"","","","","","","","","","","","","105"
"","","","","","","","","","","","","96"
"","","","","","","","","","","","","118"
"","","","","","","","","","","","","97"
"","","","","","","","","","","","","115"
"","","","","","","","","","","","","110"
"","","","","","","","","","","","","116"
"","","","","","","","","","","","","106"
"","","","","","","","","","","","","121"
"","","","","","","","","","","","","114"
"","","","","","","","","","","","","111"
"","","","","","","","","","","","","117"
"","","","","","","","","","","","","98"
"","","","","","","","","","","","","104"
"","","","","","","","","","","","","109"
"","","","","","","","","","","","","7"
"","","","","","","","","","","","","6"
"","","","","","","","","","","","","31"
"","","","","","","","","","","","","26"
"","","","","","","","","","","","","46"
"","","","","","","","","","","","","84"
"","","","","","","","","","","","","50"
"","","","","","","","","","","","","86"
"","","","","","","","","","","","","65"
"","","","","","","","","","","","","80"
"","","","","","","","","","","","","49"
"","","","","","","","","","","","","66"
"","","","","","","","","","","","","64"
"","","","","","","","","","","","","56"
"","","","","","","","","","","","","57"
"","","","","","","","","","","","","67"
"","","","","","","","","","","","","59"
"","","","","","","","","","","","","68"
"","","","","","","","","","","","","55"
"","","","","","","","","","","","","58"
"","","","","","","","","","","","","69"
"","","","","","","","","","","","","60"
"","","","","","","","","","","","","62"
"","","","","","","","","","","","","61"
"","","","","","","","","","","","","81"
"","","","","","","","","","","","","83"
"","","","","","","","","","","","","93"
"","","","","","","","","","","","","63"
"","","","","","","","","","","","","82"
"","","","","","","","","","","","","94"
"","","","","","","","","","","","","91"
"","","","","","","","","","","","","48"
"","","","","","","","","","","","","77"
"","","","","","","","","","","","","4"
"","","","","","","","","","","","","18"
"","","","","","","","","","","","","17"
"","","","","","","","","","","","","15"
"","","","","","","","","","","","","16"
"","","","","","","","","","","","","5"
"","","","","","","","","","","","","76"
"","","","","","","","","","","","","71"
"","","","","","","","","","","","","75"
"","","","","","","","","","","","","74"
"","","","","","","","","","","","","90"
"","","","","","","","","","","","","88"
"","","","","","","","","","","","","87"
"","","","","","","","","","","","","51"
"","","","","","","","","","","","","78"
"","","","","","","","","","","","","89"
"","","","","","","","","","","","","52"
"","","","","","","","","","","","","79"
"","","","","","","","","","","","","44"
"","","","","","","","","","","","","73"
"","","","","","","","","","","","","72"
"","","","","","","","","","","","","8"
"","","","","","","","","","","","","36"
"","","","","","","","","","","","","13"
"","","","","","","","","","","","","43"
"","","","","","","","","","","","","28"
"","","","","","","","","","","","","34"
"","","","","","","","","","","","","85"
"","","","","","","","","","","","","37"
"","","","","","","","","","","","","42"
"","","","","","","","","","","","","41"
"","","","","","","","","","","","","29"
"","","","","","","","","","","","","33"
"","","","","","","","","","","","","38"
"","","","","","","","","","","","","95"
"","","","","","","","","","","","","12"
"","","","","","","","","","","","","32"
"","","","","","","","","","","","","54"
"","","","","","","","","","","","","27"
"","","","","","","","","","","","","40"
"","","","","","","","","","","","502004","39"
"","","","","","","","","","","","","92"
